{"level":"info","message":"Template loaded: order_confirmation","timestamp":"2025-10-16T16:50:24.364Z"}
{"level":"info","message":"Template loaded: payout_notification","timestamp":"2025-10-16T16:50:24.396Z"}
{"level":"info","message":"Template loaded: product_stop","timestamp":"2025-10-16T16:50:24.421Z"}
{"level":"info","message":"Template loaded: sale_notification","timestamp":"2025-10-16T16:50:24.435Z"}
{"level":"info","message":"Template loaded: verification","timestamp":"2025-10-16T16:50:24.443Z"}
{"level":"error","message":"Failed to send email to pratheekgowda53@gmail.com: Missing helper: \"eq\"","name":"Error","stack":"Error: Missing helper: \"eq\"\n    at Object.<anonymous> (C:\\Users\\user\\OneDrive\\Desktop\\DIGITISE\\node_modules\\handlebars\\dist\\cjs\\handlebars\\helpers\\helper-missing.js:19:13)\n    at Object.wrapper (C:\\Users\\user\\OneDrive\\Desktop\\DIGITISE\\node_modules\\handlebars\\dist\\cjs\\handlebars\\internal\\wrapHelper.js:15:19)\n    at Object.eval [as main] (eval at createFunctionContext (C:\\Users\\user\\OneDrive\\Desktop\\DIGITISE\\node_modules\\handlebars\\dist\\cjs\\handlebars\\compiler\\javascript-compiler.js:262:23), <anonymous>:19:139)\n    at main (C:\\Users\\user\\OneDrive\\Desktop\\DIGITISE\\node_modules\\handlebars\\dist\\cjs\\handlebars\\runtime.js:208:32)\n    at ret (C:\\Users\\user\\OneDrive\\Desktop\\DIGITISE\\node_modules\\handlebars\\dist\\cjs\\handlebars\\runtime.js:212:12)\n    at ret (C:\\Users\\user\\OneDrive\\Desktop\\DIGITISE\\node_modules\\handlebars\\dist\\cjs\\handlebars\\compiler\\compiler.js:519:21)\n    at MailerService.sendEmail (C:\\Users\\user\\OneDrive\\Desktop\\DIGITISE\\services\\mailer.js:145:20)\n    at C:\\Users\\user\\OneDrive\\Desktop\\DIGITISE\\routes\\auth.js:155:27\n    at process.processTicksAndRejections (node:internal/process/task_queues:105:5)","timestamp":"2025-10-16T16:52:40.394Z"}
{"level":"info","message":"Template loaded: order_confirmation","timestamp":"2025-10-16T16:56:31.303Z"}
{"level":"info","message":"Template loaded: payout_notification","timestamp":"2025-10-16T16:56:31.332Z"}
{"level":"info","message":"Template loaded: product_stop","timestamp":"2025-10-16T16:56:31.350Z"}
{"level":"info","message":"Template loaded: sale_notification","timestamp":"2025-10-16T16:56:31.364Z"}
{"level":"info","message":"Template loaded: verification","timestamp":"2025-10-16T16:56:31.371Z"}
{"level":"info","message":"Template loaded: order_confirmation","timestamp":"2025-10-16T16:59:10.213Z"}
{"level":"info","message":"Template loaded: payout_notification","timestamp":"2025-10-16T16:59:10.236Z"}
{"level":"info","message":"Template loaded: product_stop","timestamp":"2025-10-16T16:59:10.259Z"}
{"level":"info","message":"Template loaded: sale_notification","timestamp":"2025-10-16T16:59:10.271Z"}
{"level":"info","message":"Template loaded: verification","timestamp":"2025-10-16T16:59:10.277Z"}
{"level":"info","message":"Template loaded: order_confirmation","timestamp":"2025-10-16T17:01:00.018Z"}
{"level":"info","message":"Template loaded: payout_notification","timestamp":"2025-10-16T17:01:00.152Z"}
{"level":"info","message":"Template loaded: product_stop","timestamp":"2025-10-16T17:01:00.194Z"}
{"level":"info","message":"Template loaded: sale_notification","timestamp":"2025-10-16T17:01:00.215Z"}
{"level":"info","message":"Template loaded: verification","timestamp":"2025-10-16T17:01:00.225Z"}
{"code":401,"level":"error","message":"SendGrid error: Unauthorized","response":{"body":{"errors":[{"field":null,"help":null,"message":"Permission denied, wrong credentials"}]},"headers":{"access-control-allow-headers":"Authorization, Content-Type, On-behalf-of, x-sg-elas-acl","access-control-allow-methods":"POST","access-control-allow-origin":"https://sendgrid.api-docs.io","access-control-max-age":"600","cache-control":"no-cache","connection":"keep-alive","content-length":"88","content-security-policy":"frame-ancestors 'none'","content-type":"application/json","date":"Thu, 16 Oct 2025 17:01:12 GMT","referrer-policy":"strict-origin-when-cross-origin","server":"nginx","strict-transport-security":"max-age=31536000; includeSubDomains","x-content-type-options":"no-sniff","x-no-cors-reason":"https://sendgrid.com/docs/Classroom/Basics/API/cors.html"}},"stack":"Error: Unauthorized\n    at C:\\Users\\user\\OneDrive\\Desktop\\DIGITISE\\node_modules\\@sendgrid\\client\\src\\classes\\client.js:146:29\n    at process.processTicksAndRejections (node:internal/process/task_queues:105:5)","timestamp":"2025-10-16T17:01:42.440Z"}
{"level":"warn","message":"SendGrid failed, trying SMTP fallback:","timestamp":"2025-10-16T17:01:42.442Z"}
{"code":"EAUTH","command":"AUTH PLAIN","level":"error","message":"SMTP error: Invalid login: 534-5.7.9 Application-specific password required. For more information, go to\n534 5.7.9  https://support.google.com/mail/?p=InvalidSecondFactor d9443c01a7336-29099ae78c6sm35729645ad.100 - gsmtp","response":"534-5.7.9 Application-specific password required. For more information, go to\n534 5.7.9  https://support.google.com/mail/?p=InvalidSecondFactor d9443c01a7336-29099ae78c6sm35729645ad.100 - gsmtp","responseCode":534,"stack":"Error: Invalid login: 534-5.7.9 Application-specific password required. For more information, go to\n534 5.7.9  https://support.google.com/mail/?p=InvalidSecondFactor d9443c01a7336-29099ae78c6sm35729645ad.100 - gsmtp\n    at SMTPConnection._formatError (C:\\Users\\user\\OneDrive\\Desktop\\DIGITISE\\node_modules\\nodemailer\\lib\\smtp-connection\\index.js:809:19)\n    at SMTPConnection._actionAUTHComplete (C:\\Users\\user\\OneDrive\\Desktop\\DIGITISE\\node_modules\\nodemailer\\lib\\smtp-connection\\index.js:1588:34)\n    at SMTPConnection.<anonymous> (C:\\Users\\user\\OneDrive\\Desktop\\DIGITISE\\node_modules\\nodemailer\\lib\\smtp-connection\\index.js:556:26)\n    at SMTPConnection._processResponse (C:\\Users\\user\\OneDrive\\Desktop\\DIGITISE\\node_modules\\nodemailer\\lib\\smtp-connection\\index.js:993:20)\n    at SMTPConnection._onData (C:\\Users\\user\\OneDrive\\Desktop\\DIGITISE\\node_modules\\nodemailer\\lib\\smtp-connection\\index.js:774:14)\n    at SMTPConnection._onSocketData (C:\\Users\\user\\OneDrive\\Desktop\\DIGITISE\\node_modules\\nodemailer\\lib\\smtp-connection\\index.js:195:44)\n    at TLSSocket.emit (node:events:519:28)\n    at addChunk (node:internal/streams/readable:561:12)\n    at readableAddChunkPushByteMode (node:internal/streams/readable:512:3)\n    at Readable.push (node:internal/streams/readable:392:5)","timestamp":"2025-10-16T17:01:45.239Z"}
{"level":"error","message":"Both SendGrid and SMTP failed:","timestamp":"2025-10-16T17:01:45.241Z"}
{"code":"EAUTH","command":"AUTH PLAIN","level":"error","message":"Failed to send email to tarun@gmail.com: Invalid login: 534-5.7.9 Application-specific password required. For more information, go to\n534 5.7.9  https://support.google.com/mail/?p=InvalidSecondFactor d9443c01a7336-29099ae78c6sm35729645ad.100 - gsmtp","response":"534-5.7.9 Application-specific password required. For more information, go to\n534 5.7.9  https://support.google.com/mail/?p=InvalidSecondFactor d9443c01a7336-29099ae78c6sm35729645ad.100 - gsmtp","responseCode":534,"stack":"Error: Invalid login: 534-5.7.9 Application-specific password required. For more information, go to\n534 5.7.9  https://support.google.com/mail/?p=InvalidSecondFactor d9443c01a7336-29099ae78c6sm35729645ad.100 - gsmtp\n    at SMTPConnection._formatError (C:\\Users\\user\\OneDrive\\Desktop\\DIGITISE\\node_modules\\nodemailer\\lib\\smtp-connection\\index.js:809:19)\n    at SMTPConnection._actionAUTHComplete (C:\\Users\\user\\OneDrive\\Desktop\\DIGITISE\\node_modules\\nodemailer\\lib\\smtp-connection\\index.js:1588:34)\n    at SMTPConnection.<anonymous> (C:\\Users\\user\\OneDrive\\Desktop\\DIGITISE\\node_modules\\nodemailer\\lib\\smtp-connection\\index.js:556:26)\n    at SMTPConnection._processResponse (C:\\Users\\user\\OneDrive\\Desktop\\DIGITISE\\node_modules\\nodemailer\\lib\\smtp-connection\\index.js:993:20)\n    at SMTPConnection._onData (C:\\Users\\user\\OneDrive\\Desktop\\DIGITISE\\node_modules\\nodemailer\\lib\\smtp-connection\\index.js:774:14)\n    at SMTPConnection._onSocketData (C:\\Users\\user\\OneDrive\\Desktop\\DIGITISE\\node_modules\\nodemailer\\lib\\smtp-connection\\index.js:195:44)\n    at TLSSocket.emit (node:events:519:28)\n    at addChunk (node:internal/streams/readable:561:12)\n    at readableAddChunkPushByteMode (node:internal/streams/readable:512:3)\n    at Readable.push (node:internal/streams/readable:392:5)","timestamp":"2025-10-16T17:01:45.331Z"}
{"level":"info","message":"Template loaded: order_confirmation","timestamp":"2025-10-16T17:03:16.035Z"}
{"level":"info","message":"Template loaded: payout_notification","timestamp":"2025-10-16T17:03:16.104Z"}
{"level":"info","message":"Template loaded: product_stop","timestamp":"2025-10-16T17:03:16.170Z"}
{"level":"info","message":"Template loaded: sale_notification","timestamp":"2025-10-16T17:03:16.195Z"}
{"level":"info","message":"Template loaded: verification","timestamp":"2025-10-16T17:03:16.208Z"}
{"level":"info","message":"Template loaded: order_confirmation","timestamp":"2025-10-16T17:18:08.480Z"}
{"level":"info","message":"Template loaded: payout_notification","timestamp":"2025-10-16T17:18:08.513Z"}
{"level":"info","message":"Template loaded: product_stop","timestamp":"2025-10-16T17:18:08.536Z"}
{"level":"info","message":"Template loaded: sale_notification","timestamp":"2025-10-16T17:18:08.550Z"}
{"level":"info","message":"Template loaded: verification","timestamp":"2025-10-16T17:18:08.558Z"}
{"code":"EAUTH","command":"AUTH PLAIN","level":"error","message":"SMTP error: Invalid login: 534-5.7.9 Application-specific password required. For more information, go to\n534 5.7.9  https://support.google.com/mail/?p=InvalidSecondFactor d9443c01a7336-29099aba4f5sm35881945ad.91 - gsmtp","response":"534-5.7.9 Application-specific password required. For more information, go to\n534 5.7.9  https://support.google.com/mail/?p=InvalidSecondFactor d9443c01a7336-29099aba4f5sm35881945ad.91 - gsmtp","responseCode":534,"stack":"Error: Invalid login: 534-5.7.9 Application-specific password required. For more information, go to\n534 5.7.9  https://support.google.com/mail/?p=InvalidSecondFactor d9443c01a7336-29099aba4f5sm35881945ad.91 - gsmtp\n    at SMTPConnection._formatError (C:\\Users\\user\\OneDrive\\Desktop\\DIGITISE\\node_modules\\nodemailer\\lib\\smtp-connection\\index.js:809:19)\n    at SMTPConnection._actionAUTHComplete (C:\\Users\\user\\OneDrive\\Desktop\\DIGITISE\\node_modules\\nodemailer\\lib\\smtp-connection\\index.js:1588:34)\n    at SMTPConnection.<anonymous> (C:\\Users\\user\\OneDrive\\Desktop\\DIGITISE\\node_modules\\nodemailer\\lib\\smtp-connection\\index.js:556:26)\n    at SMTPConnection._processResponse (C:\\Users\\user\\OneDrive\\Desktop\\DIGITISE\\node_modules\\nodemailer\\lib\\smtp-connection\\index.js:993:20)\n    at SMTPConnection._onData (C:\\Users\\user\\OneDrive\\Desktop\\DIGITISE\\node_modules\\nodemailer\\lib\\smtp-connection\\index.js:774:14)\n    at SMTPConnection._onSocketData (C:\\Users\\user\\OneDrive\\Desktop\\DIGITISE\\node_modules\\nodemailer\\lib\\smtp-connection\\index.js:195:44)\n    at TLSSocket.emit (node:events:519:28)\n    at addChunk (node:internal/streams/readable:561:12)\n    at readableAddChunkPushByteMode (node:internal/streams/readable:512:3)\n    at Readable.push (node:internal/streams/readable:392:5)","timestamp":"2025-10-16T17:18:11.208Z"}
{"level":"warn","message":"SMTP failed, trying SendGrid fallback:","timestamp":"2025-10-16T17:18:11.209Z"}
{"code":401,"level":"error","message":"SendGrid error: Unauthorized","response":{"body":{"errors":[{"field":null,"help":null,"message":"Permission denied, wrong credentials"}]},"headers":{"access-control-allow-headers":"Authorization, Content-Type, On-behalf-of, x-sg-elas-acl","access-control-allow-methods":"POST","access-control-allow-origin":"https://sendgrid.api-docs.io","access-control-max-age":"600","cache-control":"no-cache","connection":"keep-alive","content-length":"88","content-security-policy":"frame-ancestors 'none'","content-type":"application/json","date":"Thu, 16 Oct 2025 17:17:42 GMT","referrer-policy":"strict-origin-when-cross-origin","server":"nginx","strict-transport-security":"max-age=31536000; includeSubDomains","x-content-type-options":"no-sniff","x-no-cors-reason":"https://sendgrid.com/docs/Classroom/Basics/API/cors.html"}},"stack":"Error: Unauthorized\n    at C:\\Users\\user\\OneDrive\\Desktop\\DIGITISE\\node_modules\\@sendgrid\\client\\src\\classes\\client.js:146:29\n    at process.processTicksAndRejections (node:internal/process/task_queues:105:5)","timestamp":"2025-10-16T17:18:12.163Z"}
{"level":"error","message":"Both SMTP and SendGrid failed:","timestamp":"2025-10-16T17:18:12.163Z"}
{"code":401,"level":"error","message":"Failed to send email to cli.test3@example.com: Unauthorized","response":{"body":{"errors":[{"field":null,"help":null,"message":"Permission denied, wrong credentials"}]},"headers":{"access-control-allow-headers":"Authorization, Content-Type, On-behalf-of, x-sg-elas-acl","access-control-allow-methods":"POST","access-control-allow-origin":"https://sendgrid.api-docs.io","access-control-max-age":"600","cache-control":"no-cache","connection":"keep-alive","content-length":"88","content-security-policy":"frame-ancestors 'none'","content-type":"application/json","date":"Thu, 16 Oct 2025 17:17:42 GMT","referrer-policy":"strict-origin-when-cross-origin","server":"nginx","strict-transport-security":"max-age=31536000; includeSubDomains","x-content-type-options":"no-sniff","x-no-cors-reason":"https://sendgrid.com/docs/Classroom/Basics/API/cors.html"}},"stack":"Error: Unauthorized\n    at C:\\Users\\user\\OneDrive\\Desktop\\DIGITISE\\node_modules\\@sendgrid\\client\\src\\classes\\client.js:146:29\n    at process.processTicksAndRejections (node:internal/process/task_queues:105:5)","timestamp":"2025-10-16T17:18:12.175Z"}
{"level":"info","message":"Template loaded: order_confirmation","timestamp":"2025-10-16T17:26:32.786Z"}
{"level":"info","message":"Template loaded: order_confirmation","timestamp":"2025-10-16T17:26:44.676Z"}
{"level":"info","message":"Template loaded: payout_notification","timestamp":"2025-10-16T17:26:44.704Z"}
{"level":"info","message":"Template loaded: product_stop","timestamp":"2025-10-16T17:26:44.725Z"}
{"level":"info","message":"Template loaded: sale_notification","timestamp":"2025-10-16T17:26:44.737Z"}
{"level":"info","message":"Template loaded: verification","timestamp":"2025-10-16T17:26:44.742Z"}
{"level":"info","message":"Template loaded: order_confirmation","timestamp":"2025-10-16T17:27:41.844Z"}
{"level":"info","message":"Template loaded: payout_notification","timestamp":"2025-10-16T17:27:41.876Z"}
{"level":"info","message":"Template loaded: product_stop","timestamp":"2025-10-16T17:27:41.898Z"}
{"level":"info","message":"Template loaded: sale_notification","timestamp":"2025-10-16T17:27:41.912Z"}
{"level":"info","message":"Template loaded: verification","timestamp":"2025-10-16T17:27:41.918Z"}
{"level":"info","message":"Template loaded: order_confirmation","timestamp":"2025-10-16T17:30:14.684Z"}
{"level":"info","message":"Template loaded: payout_notification","timestamp":"2025-10-16T17:30:14.716Z"}
{"level":"info","message":"Template loaded: product_stop","timestamp":"2025-10-16T17:30:14.734Z"}
{"level":"info","message":"Template loaded: sale_notification","timestamp":"2025-10-16T17:30:14.744Z"}
{"level":"info","message":"Template loaded: verification","timestamp":"2025-10-16T17:30:14.749Z"}
{"level":"info","message":"Template loaded: order_confirmation","timestamp":"2025-10-16T17:32:02.151Z"}
{"level":"info","message":"Template loaded: payout_notification","timestamp":"2025-10-16T17:32:02.180Z"}
{"level":"info","message":"Template loaded: product_stop","timestamp":"2025-10-16T17:32:02.198Z"}
{"level":"info","message":"Template loaded: sale_notification","timestamp":"2025-10-16T17:32:02.209Z"}
{"level":"info","message":"Template loaded: verification","timestamp":"2025-10-16T17:32:02.215Z"}
{"level":"info","message":"Template loaded: order_confirmation","timestamp":"2025-10-16T17:33:18.992Z"}
{"level":"info","message":"Template loaded: payout_notification","timestamp":"2025-10-16T17:33:19.057Z"}
{"level":"info","message":"Template loaded: product_stop","timestamp":"2025-10-16T17:33:19.074Z"}
{"level":"info","message":"Template loaded: sale_notification","timestamp":"2025-10-16T17:33:19.087Z"}
{"level":"info","message":"Template loaded: verification","timestamp":"2025-10-16T17:33:19.092Z"}
{"level":"info","message":"Template loaded: invoice","timestamp":"2025-10-16T18:31:37.036Z"}
{"level":"info","message":"Template loaded: order_confirmation","timestamp":"2025-10-16T18:31:37.146Z"}
{"level":"info","message":"Template loaded: payout_notification","timestamp":"2025-10-16T18:31:37.192Z"}
{"level":"info","message":"Template loaded: product_stop","timestamp":"2025-10-16T18:31:37.220Z"}
{"level":"info","message":"Template loaded: sale_notification","timestamp":"2025-10-16T18:31:37.246Z"}
{"level":"info","message":"Template loaded: verification","timestamp":"2025-10-16T18:31:37.263Z"}
{"level":"info","message":"Email sent successfully via SMTP to tarun23@gmail.com","timestamp":"2025-10-16T18:33:01.119Z"}
{"level":"info","message":"Template loaded: invoice","timestamp":"2025-10-17T03:23:26.278Z"}
{"level":"info","message":"Template loaded: order_confirmation","timestamp":"2025-10-17T03:23:26.369Z"}
{"level":"info","message":"Template loaded: payout_notification","timestamp":"2025-10-17T03:23:26.415Z"}
{"level":"info","message":"Template loaded: product_stop","timestamp":"2025-10-17T03:23:26.441Z"}
{"level":"info","message":"Template loaded: sale_notification","timestamp":"2025-10-17T03:23:26.465Z"}
{"level":"info","message":"Template loaded: verification","timestamp":"2025-10-17T03:23:26.475Z"}
{"level":"info","message":"Email sent successfully via SMTP to sweejithgowda@gmail.com","timestamp":"2025-10-17T03:24:28.758Z"}
{"level":"info","message":"Template loaded: invoice","timestamp":"2025-10-17T03:45:34.320Z"}
{"level":"info","message":"Template loaded: login_alert","timestamp":"2025-10-17T03:45:34.339Z"}
{"level":"info","message":"Template loaded: order_confirmation","timestamp":"2025-10-17T03:45:34.368Z"}
{"level":"info","message":"Template loaded: payout_notification","timestamp":"2025-10-17T03:45:34.388Z"}
{"level":"info","message":"Template loaded: product_stop","timestamp":"2025-10-17T03:45:34.401Z"}
{"level":"info","message":"Template loaded: sale_notification","timestamp":"2025-10-17T03:45:34.411Z"}
{"level":"info","message":"Template loaded: invoice","timestamp":"2025-10-17T04:34:41.355Z"}
{"level":"info","message":"Template loaded: login_alert","timestamp":"2025-10-17T04:34:41.377Z"}
{"level":"info","message":"Template loaded: order_confirmation","timestamp":"2025-10-17T04:34:41.407Z"}
{"level":"info","message":"Template loaded: payout_notification","timestamp":"2025-10-17T04:34:41.422Z"}
{"level":"info","message":"Template loaded: product_stop","timestamp":"2025-10-17T04:34:41.435Z"}
{"level":"info","message":"Template loaded: sale_notification","timestamp":"2025-10-17T04:34:41.444Z"}
{"level":"info","message":"Template loaded: invoice","timestamp":"2025-10-17T04:38:26.890Z"}
{"level":"info","message":"Template loaded: login_alert","timestamp":"2025-10-17T04:38:26.911Z"}
{"level":"info","message":"Template loaded: order_confirmation","timestamp":"2025-10-17T04:38:26.939Z"}
{"level":"info","message":"Template loaded: payout_notification","timestamp":"2025-10-17T04:38:26.957Z"}
{"level":"info","message":"Template loaded: product_stop","timestamp":"2025-10-17T04:38:26.969Z"}
{"level":"info","message":"Template loaded: sale_notification","timestamp":"2025-10-17T04:38:26.978Z"}
{"level":"info","message":"Template loaded: invoice","timestamp":"2025-10-17T04:44:00.806Z"}
{"level":"info","message":"Template loaded: login_alert","timestamp":"2025-10-17T04:44:00.824Z"}
{"level":"info","message":"Template loaded: order_confirmation","timestamp":"2025-10-17T04:44:00.861Z"}
{"level":"info","message":"Template loaded: payout_notification","timestamp":"2025-10-17T04:44:00.881Z"}
{"level":"info","message":"Template loaded: product_stop","timestamp":"2025-10-17T04:44:00.893Z"}
{"level":"info","message":"Template loaded: sale_notification","timestamp":"2025-10-17T04:44:00.901Z"}
{"level":"info","message":"Template loaded: invoice","timestamp":"2025-10-17T04:48:04.840Z"}
{"level":"info","message":"Template loaded: login_alert","timestamp":"2025-10-17T04:48:04.868Z"}
{"level":"info","message":"Template loaded: order_confirmation","timestamp":"2025-10-17T04:48:04.909Z"}
{"level":"info","message":"Template loaded: payout_notification","timestamp":"2025-10-17T04:48:04.931Z"}
{"level":"info","message":"Template loaded: product_stop","timestamp":"2025-10-17T04:48:04.944Z"}
{"level":"info","message":"Template loaded: sale_notification","timestamp":"2025-10-17T04:48:04.953Z"}
{"level":"info","message":"Template loaded: welcome","timestamp":"2025-10-17T04:48:04.958Z"}
{"level":"error","message":"Failed to send email to sweejithgowda@gmail.com: #if requires exactly one argument","name":"Error","stack":"Error: #if requires exactly one argument\n    at Object.<anonymous> (C:\\Users\\user\\OneDrive\\Desktop\\DIGITISE\\node_modules\\handlebars\\dist\\cjs\\handlebars\\helpers\\if.js:17:13)\n    at Object.wrapper (C:\\Users\\user\\OneDrive\\Desktop\\DIGITISE\\node_modules\\handlebars\\dist\\cjs\\handlebars\\internal\\wrapHelper.js:15:19)\n    at Object.eval [as main] (eval at createFunctionContext (C:\\Users\\user\\OneDrive\\Desktop\\DIGITISE\\node_modules\\handlebars\\dist\\cjs\\handlebars\\compiler\\javascript-compiler.js:262:23), <anonymous>:15:47)\n    at main (C:\\Users\\user\\OneDrive\\Desktop\\DIGITISE\\node_modules\\handlebars\\dist\\cjs\\handlebars\\runtime.js:208:32)\n    at ret (C:\\Users\\user\\OneDrive\\Desktop\\DIGITISE\\node_modules\\handlebars\\dist\\cjs\\handlebars\\runtime.js:212:12)\n    at ret (C:\\Users\\user\\OneDrive\\Desktop\\DIGITISE\\node_modules\\handlebars\\dist\\cjs\\handlebars\\compiler\\compiler.js:519:21)\n    at MailerService.sendEmail (C:\\Users\\user\\OneDrive\\Desktop\\DIGITISE\\services\\mailer.js:153:20)\n    at C:\\Users\\user\\OneDrive\\Desktop\\DIGITISE\\routes\\auth.js:143:27\n    at process.processTicksAndRejections (node:internal/process/task_queues:105:5)","timestamp":"2025-10-17T04:48:28.729Z"}
{"level":"info","message":"Template loaded: invoice","timestamp":"2025-10-17T04:52:55.356Z"}
{"level":"info","message":"Template loaded: login_alert","timestamp":"2025-10-17T04:52:55.423Z"}
{"level":"info","message":"Template loaded: order_confirmation","timestamp":"2025-10-17T04:52:55.481Z"}
{"level":"info","message":"Template loaded: payout_notification","timestamp":"2025-10-17T04:52:55.515Z"}
{"level":"info","message":"Template loaded: product_stop","timestamp":"2025-10-17T04:52:55.536Z"}
{"level":"info","message":"Template loaded: sale_notification","timestamp":"2025-10-17T04:52:55.556Z"}
{"level":"info","message":"Template loaded: welcome","timestamp":"2025-10-17T04:52:55.561Z"}
{"level":"error","message":"Failed to send email to pratheekgowda53@gmail.com: #if requires exactly one argument","name":"Error","stack":"Error: #if requires exactly one argument\n    at Object.<anonymous> (C:\\Users\\user\\OneDrive\\Desktop\\DIGITISE\\node_modules\\handlebars\\dist\\cjs\\handlebars\\helpers\\if.js:17:13)\n    at Object.wrapper (C:\\Users\\user\\OneDrive\\Desktop\\DIGITISE\\node_modules\\handlebars\\dist\\cjs\\handlebars\\internal\\wrapHelper.js:15:19)\n    at Object.eval [as main] (eval at createFunctionContext (C:\\Users\\user\\OneDrive\\Desktop\\DIGITISE\\node_modules\\handlebars\\dist\\cjs\\handlebars\\compiler\\javascript-compiler.js:262:23), <anonymous>:15:47)\n    at main (C:\\Users\\user\\OneDrive\\Desktop\\DIGITISE\\node_modules\\handlebars\\dist\\cjs\\handlebars\\runtime.js:208:32)\n    at ret (C:\\Users\\user\\OneDrive\\Desktop\\DIGITISE\\node_modules\\handlebars\\dist\\cjs\\handlebars\\runtime.js:212:12)\n    at ret (C:\\Users\\user\\OneDrive\\Desktop\\DIGITISE\\node_modules\\handlebars\\dist\\cjs\\handlebars\\compiler\\compiler.js:519:21)\n    at MailerService.sendEmail (C:\\Users\\user\\OneDrive\\Desktop\\DIGITISE\\services\\mailer.js:163:20)\n    at C:\\Users\\user\\OneDrive\\Desktop\\DIGITISE\\routes\\auth.js:143:27\n    at process.processTicksAndRejections (node:internal/process/task_queues:105:5)","timestamp":"2025-10-17T04:53:40.062Z"}
{"level":"info","message":"Template loaded: invoice","timestamp":"2025-10-17T04:55:19.002Z"}
{"level":"info","message":"Template loaded: login_alert","timestamp":"2025-10-17T04:55:19.041Z"}
{"level":"info","message":"Template loaded: order_confirmation","timestamp":"2025-10-17T04:55:19.067Z"}
{"level":"info","message":"Template loaded: payout_notification","timestamp":"2025-10-17T04:55:19.084Z"}
{"level":"info","message":"Template loaded: product_stop","timestamp":"2025-10-17T04:55:19.094Z"}
{"level":"info","message":"Template loaded: sale_notification","timestamp":"2025-10-17T04:55:19.103Z"}
{"level":"info","message":"Template loaded: welcome","timestamp":"2025-10-17T04:55:19.107Z"}
{"level":"info","message":"Email sent successfully via SMTP to sweejithgowda@gmail.com","timestamp":"2025-10-17T04:55:40.401Z"}
{"level":"info","message":"Template loaded: invoice","timestamp":"2025-10-17T04:58:44.620Z"}
{"level":"info","message":"Template loaded: login_alert","timestamp":"2025-10-17T04:58:44.645Z"}
{"level":"info","message":"Template loaded: order_confirmation","timestamp":"2025-10-17T04:58:44.675Z"}
{"level":"info","message":"Template loaded: payout_notification","timestamp":"2025-10-17T04:58:44.690Z"}
{"level":"info","message":"Template loaded: product_stop","timestamp":"2025-10-17T04:58:44.703Z"}
{"level":"info","message":"Template loaded: sale_notification","timestamp":"2025-10-17T04:58:44.714Z"}
{"level":"info","message":"Template loaded: welcome","timestamp":"2025-10-17T04:58:44.717Z"}
{"level":"info","message":"Template loaded: invoice","timestamp":"2025-10-17T05:03:19.708Z"}
{"level":"info","message":"Template loaded: login_alert","timestamp":"2025-10-17T05:03:19.740Z"}
{"level":"info","message":"Template loaded: order_confirmation","timestamp":"2025-10-17T05:03:19.770Z"}
{"level":"info","message":"Template loaded: payout_notification","timestamp":"2025-10-17T05:03:19.788Z"}
{"level":"info","message":"Template loaded: product_stop","timestamp":"2025-10-17T05:03:19.799Z"}
{"level":"info","message":"Template loaded: sale_notification","timestamp":"2025-10-17T05:03:19.810Z"}
{"level":"info","message":"Template loaded: welcome","timestamp":"2025-10-17T05:03:19.815Z"}
{"level":"info","message":"Template loaded: invoice","timestamp":"2025-10-17T05:07:58.011Z"}
{"level":"info","message":"Template loaded: login_alert","timestamp":"2025-10-17T05:07:58.035Z"}
{"level":"info","message":"Template loaded: order_confirmation","timestamp":"2025-10-17T05:07:58.062Z"}
{"level":"info","message":"Template loaded: payout_notification","timestamp":"2025-10-17T05:07:58.088Z"}
{"level":"info","message":"Template loaded: product_stop","timestamp":"2025-10-17T05:07:58.099Z"}
{"level":"info","message":"Template loaded: sale_notification","timestamp":"2025-10-17T05:07:58.108Z"}
{"level":"info","message":"Template loaded: welcome","timestamp":"2025-10-17T05:07:58.112Z"}
{"level":"info","message":"Email sent successfully via SMTP to tarunbk1947@gmail.com","timestamp":"2025-10-17T05:09:13.680Z"}
{"level":"info","message":"Template loaded: invoice","timestamp":"2025-10-17T05:12:45.297Z"}
{"level":"info","message":"Template loaded: login_alert","timestamp":"2025-10-17T05:12:45.320Z"}
{"level":"info","message":"Template loaded: order_confirmation","timestamp":"2025-10-17T05:12:45.349Z"}
{"level":"info","message":"Template loaded: payout_notification","timestamp":"2025-10-17T05:12:45.366Z"}
{"level":"info","message":"Template loaded: product_stop","timestamp":"2025-10-17T05:12:45.377Z"}
{"level":"info","message":"Template loaded: sale_notification","timestamp":"2025-10-17T05:12:45.387Z"}
{"level":"info","message":"Template loaded: welcome","timestamp":"2025-10-17T05:12:45.391Z"}
{"level":"info","message":"Template loaded: invoice","timestamp":"2025-10-17T05:15:37.116Z"}
{"level":"info","message":"Template loaded: login_alert","timestamp":"2025-10-17T05:15:37.157Z"}
{"level":"info","message":"Template loaded: order_confirmation","timestamp":"2025-10-17T05:15:37.184Z"}
{"level":"info","message":"Template loaded: payout_notification","timestamp":"2025-10-17T05:15:37.207Z"}
{"level":"info","message":"Template loaded: product_stop","timestamp":"2025-10-17T05:15:37.219Z"}
{"level":"info","message":"Template loaded: sale_notification","timestamp":"2025-10-17T05:15:37.234Z"}
{"level":"info","message":"Template loaded: welcome","timestamp":"2025-10-17T05:15:37.241Z"}
{"level":"info","message":"Template loaded: invoice","timestamp":"2025-10-17T05:20:22.656Z"}
{"level":"info","message":"Template loaded: login_alert","timestamp":"2025-10-17T05:20:22.674Z"}
{"level":"info","message":"Template loaded: order_confirmation","timestamp":"2025-10-17T05:20:22.707Z"}
{"level":"info","message":"Template loaded: payout_notification","timestamp":"2025-10-17T05:20:22.725Z"}
{"level":"info","message":"Template loaded: product_stop","timestamp":"2025-10-17T05:20:22.736Z"}
{"level":"info","message":"Template loaded: sale_notification","timestamp":"2025-10-17T05:20:22.745Z"}
{"level":"info","message":"Template loaded: welcome","timestamp":"2025-10-17T05:20:22.749Z"}
{"level":"info","message":"Template loaded: invoice","timestamp":"2025-10-17T05:22:01.163Z"}
{"level":"info","message":"Template loaded: login_alert","timestamp":"2025-10-17T05:22:01.194Z"}
{"level":"info","message":"Template loaded: order_confirmation","timestamp":"2025-10-17T05:22:01.221Z"}
{"level":"info","message":"Template loaded: payout_notification","timestamp":"2025-10-17T05:22:01.239Z"}
{"level":"info","message":"Template loaded: product_stop","timestamp":"2025-10-17T05:22:01.252Z"}
{"level":"info","message":"Template loaded: sale_notification","timestamp":"2025-10-17T05:22:01.261Z"}
{"level":"info","message":"Template loaded: welcome","timestamp":"2025-10-17T05:22:01.265Z"}
{"level":"info","message":"Template loaded: invoice","timestamp":"2025-10-17T05:27:02.218Z"}
{"level":"info","message":"Template loaded: login_alert","timestamp":"2025-10-17T05:27:02.238Z"}
{"level":"info","message":"Template loaded: order_confirmation","timestamp":"2025-10-17T05:27:02.269Z"}
{"level":"info","message":"Template loaded: payout_notification","timestamp":"2025-10-17T05:27:02.291Z"}
{"level":"info","message":"Template loaded: product_stop","timestamp":"2025-10-17T05:27:02.303Z"}
{"level":"info","message":"Template loaded: sale_notification","timestamp":"2025-10-17T05:27:02.312Z"}
{"level":"info","message":"Template loaded: welcome","timestamp":"2025-10-17T05:27:02.316Z"}
{"level":"info","message":"Template loaded: invoice","timestamp":"2025-10-17T05:33:29.819Z"}
{"level":"info","message":"Template loaded: login_alert","timestamp":"2025-10-17T05:33:29.888Z"}
{"level":"info","message":"Template loaded: order_confirmation","timestamp":"2025-10-17T05:33:30.001Z"}
{"level":"info","message":"Template loaded: payout_notification","timestamp":"2025-10-17T05:33:30.017Z"}
{"level":"info","message":"Template loaded: product_stop","timestamp":"2025-10-17T05:33:30.030Z"}
{"level":"info","message":"Template loaded: sale_notification","timestamp":"2025-10-17T05:33:30.038Z"}
{"level":"info","message":"Template loaded: welcome","timestamp":"2025-10-17T05:33:30.041Z"}
{"level":"info","message":"Template loaded: invoice","timestamp":"2025-10-17T05:40:53.951Z"}
{"level":"info","message":"Template loaded: login_alert","timestamp":"2025-10-17T05:40:53.965Z"}
{"level":"info","message":"Template loaded: order_confirmation","timestamp":"2025-10-17T05:40:54.025Z"}
{"level":"info","message":"Template loaded: payout_notification","timestamp":"2025-10-17T05:40:54.055Z"}
{"level":"info","message":"Template loaded: product_stop","timestamp":"2025-10-17T05:40:54.067Z"}
{"level":"info","message":"Template loaded: sale_notification","timestamp":"2025-10-17T05:40:54.075Z"}
{"level":"info","message":"Template loaded: welcome","timestamp":"2025-10-17T05:40:54.080Z"}
{"level":"info","message":"Template loaded: invoice","timestamp":"2025-10-17T05:41:24.626Z"}
{"level":"info","message":"Template loaded: login_alert","timestamp":"2025-10-17T05:41:24.655Z"}
{"level":"info","message":"Template loaded: order_confirmation","timestamp":"2025-10-17T05:41:24.726Z"}
{"level":"info","message":"Template loaded: payout_notification","timestamp":"2025-10-17T05:41:24.742Z"}
{"level":"info","message":"Template loaded: product_stop","timestamp":"2025-10-17T05:41:24.752Z"}
{"level":"info","message":"Template loaded: sale_notification","timestamp":"2025-10-17T05:41:24.761Z"}
{"level":"info","message":"Template loaded: welcome","timestamp":"2025-10-17T05:41:24.765Z"}
{"level":"info","message":"Template loaded: invoice","timestamp":"2025-10-17T05:47:13.136Z"}
{"level":"info","message":"Template loaded: login_alert","timestamp":"2025-10-17T05:47:13.160Z"}
{"level":"info","message":"Template loaded: order_confirmation","timestamp":"2025-10-17T05:47:13.198Z"}
{"level":"info","message":"Template loaded: payout_notification","timestamp":"2025-10-17T05:47:13.217Z"}
{"level":"info","message":"Template loaded: product_stop","timestamp":"2025-10-17T05:47:13.227Z"}
{"level":"info","message":"Template loaded: sale_notification","timestamp":"2025-10-17T05:47:13.235Z"}
{"level":"info","message":"Template loaded: welcome","timestamp":"2025-10-17T05:47:13.240Z"}
{"level":"info","message":"Template loaded: invoice","timestamp":"2025-10-17T05:49:51.738Z"}
{"level":"info","message":"Template loaded: login_alert","timestamp":"2025-10-17T05:49:51.766Z"}
{"level":"info","message":"Template loaded: order_confirmation","timestamp":"2025-10-17T05:49:51.813Z"}
{"level":"info","message":"Template loaded: payout_notification","timestamp":"2025-10-17T05:49:51.838Z"}
{"level":"info","message":"Template loaded: product_stop","timestamp":"2025-10-17T05:49:51.850Z"}
{"level":"info","message":"Template loaded: sale_notification","timestamp":"2025-10-17T05:49:51.858Z"}
{"level":"info","message":"Template loaded: welcome","timestamp":"2025-10-17T05:49:51.862Z"}
{"level":"info","message":"Template loaded: invoice","timestamp":"2025-10-17T06:02:34.854Z"}
{"level":"info","message":"Template loaded: login_alert","timestamp":"2025-10-17T06:02:34.880Z"}
{"level":"info","message":"Template loaded: order_confirmation","timestamp":"2025-10-17T06:02:34.918Z"}
{"level":"info","message":"Template loaded: payout_notification","timestamp":"2025-10-17T06:02:34.941Z"}
{"level":"info","message":"Template loaded: product_stop","timestamp":"2025-10-17T06:02:34.956Z"}
{"level":"info","message":"Template loaded: sale_notification","timestamp":"2025-10-17T06:02:34.968Z"}
{"level":"info","message":"Template loaded: welcome","timestamp":"2025-10-17T06:02:34.982Z"}
{"level":"info","message":"Template loaded: invoice","timestamp":"2025-10-17T06:19:32.492Z"}
{"level":"info","message":"Template loaded: login_alert","timestamp":"2025-10-17T06:19:32.559Z"}
{"level":"info","message":"Template loaded: order_confirmation","timestamp":"2025-10-17T06:19:32.605Z"}
{"level":"info","message":"Template loaded: payout_notification","timestamp":"2025-10-17T06:19:32.627Z"}
{"level":"info","message":"Template loaded: product_stop","timestamp":"2025-10-17T06:19:32.639Z"}
{"level":"info","message":"Template loaded: sale_notification","timestamp":"2025-10-17T06:19:32.653Z"}
{"level":"info","message":"Template loaded: welcome","timestamp":"2025-10-17T06:19:32.660Z"}
{"level":"info","message":"Template loaded: invoice","timestamp":"2025-10-17T06:47:48.998Z"}
{"level":"info","message":"Template loaded: login_alert","timestamp":"2025-10-17T06:47:49.048Z"}
{"level":"info","message":"Template loaded: order_confirmation","timestamp":"2025-10-17T06:47:49.094Z"}
{"level":"info","message":"Template loaded: payout_notification","timestamp":"2025-10-17T06:47:49.120Z"}
{"level":"info","message":"Template loaded: product_stop","timestamp":"2025-10-17T06:47:49.138Z"}
{"level":"info","message":"Template loaded: sale_notification","timestamp":"2025-10-17T06:47:49.152Z"}
{"level":"info","message":"Template loaded: welcome","timestamp":"2025-10-17T06:47:49.159Z"}
{"level":"info","message":"Template loaded: invoice","timestamp":"2025-10-17T07:26:29.939Z"}
{"level":"info","message":"Template loaded: login_alert","timestamp":"2025-10-17T07:26:29.982Z"}
{"level":"info","message":"Template loaded: order_confirmation","timestamp":"2025-10-17T07:26:30.034Z"}
{"level":"info","message":"Template loaded: password_reset","timestamp":"2025-10-17T07:26:30.050Z"}
{"level":"info","message":"Template loaded: payout_notification","timestamp":"2025-10-17T07:26:30.092Z"}
{"level":"info","message":"Template loaded: product_stop","timestamp":"2025-10-17T07:26:30.109Z"}
{"level":"info","message":"Template loaded: sale_notification","timestamp":"2025-10-17T07:26:30.128Z"}
{"level":"info","message":"Template loaded: welcome","timestamp":"2025-10-17T07:26:30.136Z"}
{"level":"info","message":"Template loaded: invoice","timestamp":"2025-10-17T08:08:01.372Z"}
{"level":"info","message":"Template loaded: login_alert","timestamp":"2025-10-17T08:08:01.425Z"}
{"level":"info","message":"Template loaded: order_confirmation","timestamp":"2025-10-17T08:08:01.468Z"}
{"level":"info","message":"Template loaded: password_reset","timestamp":"2025-10-17T08:08:01.480Z"}
{"level":"info","message":"Template loaded: payout_notification","timestamp":"2025-10-17T08:08:01.502Z"}
{"level":"info","message":"Template loaded: product_stop","timestamp":"2025-10-17T08:08:01.519Z"}
{"level":"info","message":"Template loaded: sale_notification","timestamp":"2025-10-17T08:08:01.537Z"}
{"level":"info","message":"Template loaded: welcome","timestamp":"2025-10-17T08:08:01.544Z"}
{"level":"info","message":"Template loaded: invoice","timestamp":"2025-10-17T08:18:20.959Z"}
{"level":"info","message":"Template loaded: login_alert","timestamp":"2025-10-17T08:18:21.044Z"}
{"level":"info","message":"Template loaded: order_confirmation","timestamp":"2025-10-17T08:18:21.154Z"}
{"level":"info","message":"Template loaded: password_reset","timestamp":"2025-10-17T08:18:21.189Z"}
{"level":"info","message":"Template loaded: payout_notification","timestamp":"2025-10-17T08:18:21.215Z"}
{"level":"info","message":"Template loaded: product_stop","timestamp":"2025-10-17T08:18:21.231Z"}
{"level":"info","message":"Template loaded: sale_notification","timestamp":"2025-10-17T08:18:21.245Z"}
{"level":"info","message":"Template loaded: welcome","timestamp":"2025-10-17T08:18:21.252Z"}
{"level":"info","message":"Template loaded: invoice","timestamp":"2025-10-17T08:26:39.985Z"}
{"level":"info","message":"Template loaded: login_alert","timestamp":"2025-10-17T08:26:40.128Z"}
{"level":"info","message":"Template loaded: order_confirmation","timestamp":"2025-10-17T08:26:40.237Z"}
{"level":"info","message":"Template loaded: password_reset","timestamp":"2025-10-17T08:26:40.253Z"}
{"level":"info","message":"Template loaded: payout_notification","timestamp":"2025-10-17T08:26:40.273Z"}
{"level":"info","message":"Template loaded: product_stop","timestamp":"2025-10-17T08:26:40.284Z"}
{"level":"info","message":"Template loaded: sale_notification","timestamp":"2025-10-17T08:26:40.297Z"}
{"level":"info","message":"Template loaded: welcome","timestamp":"2025-10-17T08:26:40.303Z"}
{"level":"info","message":"Email sent successfully via SMTP to saikrishnavishwakarma@gmail.com","timestamp":"2025-10-17T08:28:35.023Z"}
{"level":"info","message":"Template loaded: invoice","timestamp":"2025-10-17T08:39:07.275Z"}
{"level":"info","message":"Template loaded: login_alert","timestamp":"2025-10-17T08:39:07.298Z"}
{"level":"info","message":"Template loaded: order_confirmation","timestamp":"2025-10-17T08:39:07.336Z"}
{"level":"info","message":"Template loaded: password_reset","timestamp":"2025-10-17T08:39:07.353Z"}
{"level":"info","message":"Template loaded: payout_notification","timestamp":"2025-10-17T08:39:07.364Z"}
{"level":"info","message":"Template loaded: product_stop","timestamp":"2025-10-17T08:39:07.375Z"}
{"level":"info","message":"Template loaded: sale_notification","timestamp":"2025-10-17T08:39:07.384Z"}
{"level":"info","message":"Template loaded: welcome","timestamp":"2025-10-17T08:39:07.391Z"}
{"level":"info","message":"Template loaded: invoice","timestamp":"2025-10-17T08:39:13.342Z"}
{"level":"info","message":"Template loaded: login_alert","timestamp":"2025-10-17T08:39:13.368Z"}
{"level":"info","message":"Template loaded: order_confirmation","timestamp":"2025-10-17T08:39:13.400Z"}
{"level":"info","message":"Template loaded: password_reset","timestamp":"2025-10-17T08:39:13.418Z"}
{"level":"info","message":"Template loaded: payout_notification","timestamp":"2025-10-17T08:39:13.431Z"}
{"level":"info","message":"Template loaded: product_stop","timestamp":"2025-10-17T08:39:13.441Z"}
{"level":"info","message":"Template loaded: sale_notification","timestamp":"2025-10-17T08:39:13.451Z"}
{"level":"info","message":"Template loaded: welcome","timestamp":"2025-10-17T08:39:13.456Z"}
{"level":"info","message":"Template loaded: invoice","timestamp":"2025-10-17T08:39:56.839Z"}
{"level":"info","message":"Template loaded: login_alert","timestamp":"2025-10-17T08:39:56.858Z"}
{"level":"info","message":"Template loaded: order_confirmation","timestamp":"2025-10-17T08:39:56.882Z"}
{"level":"info","message":"Template loaded: password_reset","timestamp":"2025-10-17T08:39:56.893Z"}
{"level":"info","message":"Template loaded: payout_notification","timestamp":"2025-10-17T08:39:56.905Z"}
{"level":"info","message":"Template loaded: product_stop","timestamp":"2025-10-17T08:39:56.917Z"}
{"level":"info","message":"Template loaded: sale_notification","timestamp":"2025-10-17T08:39:56.930Z"}
{"level":"info","message":"Template loaded: welcome","timestamp":"2025-10-17T08:39:56.939Z"}
{"level":"info","message":"Template loaded: invoice","timestamp":"2025-10-17T08:45:46.832Z"}
{"level":"info","message":"Template loaded: login_alert","timestamp":"2025-10-17T08:45:46.840Z"}
{"level":"info","message":"Template loaded: order_confirmation","timestamp":"2025-10-17T08:45:46.885Z"}
{"level":"info","message":"Template loaded: password_reset","timestamp":"2025-10-17T08:45:46.895Z"}
{"level":"info","message":"Template loaded: payout_notification","timestamp":"2025-10-17T08:45:46.911Z"}
{"level":"info","message":"Template loaded: product_stop","timestamp":"2025-10-17T08:45:46.921Z"}
{"level":"info","message":"Template loaded: sale_notification","timestamp":"2025-10-17T08:45:46.931Z"}
{"level":"info","message":"Template loaded: welcome","timestamp":"2025-10-17T08:45:46.938Z"}
{"level":"info","message":"Template loaded: invoice","timestamp":"2025-10-17T08:46:29.077Z"}
{"level":"info","message":"Template loaded: login_alert","timestamp":"2025-10-17T08:46:29.099Z"}
{"level":"info","message":"Template loaded: order_confirmation","timestamp":"2025-10-17T08:46:29.145Z"}
{"level":"info","message":"Template loaded: password_reset","timestamp":"2025-10-17T08:46:29.178Z"}
{"level":"info","message":"Template loaded: payout_notification","timestamp":"2025-10-17T08:46:29.200Z"}
{"level":"info","message":"Template loaded: product_stop","timestamp":"2025-10-17T08:46:29.230Z"}
{"level":"info","message":"Template loaded: sale_notification","timestamp":"2025-10-17T08:46:29.244Z"}
{"level":"info","message":"Template loaded: welcome","timestamp":"2025-10-17T08:46:29.248Z"}
{"level":"info","message":"Template loaded: invoice","timestamp":"2025-10-17T08:48:01.544Z"}
{"level":"info","message":"Template loaded: login_alert","timestamp":"2025-10-17T08:48:01.601Z"}
{"level":"info","message":"Template loaded: order_confirmation","timestamp":"2025-10-17T08:48:01.666Z"}
{"level":"info","message":"Template loaded: password_reset","timestamp":"2025-10-17T08:48:01.695Z"}
{"level":"info","message":"Template loaded: payout_notification","timestamp":"2025-10-17T08:48:01.714Z"}
{"level":"info","message":"Template loaded: product_stop","timestamp":"2025-10-17T08:48:01.724Z"}
{"level":"info","message":"Template loaded: sale_notification","timestamp":"2025-10-17T08:48:01.734Z"}
{"level":"info","message":"Template loaded: welcome","timestamp":"2025-10-17T08:48:01.739Z"}
{"level":"info","message":"Template loaded: invoice","timestamp":"2025-10-17T08:51:04.380Z"}
{"level":"info","message":"Template loaded: login_alert","timestamp":"2025-10-17T08:51:04.407Z"}
{"level":"info","message":"Template loaded: order_confirmation","timestamp":"2025-10-17T08:51:04.445Z"}
{"level":"info","message":"Template loaded: password_reset","timestamp":"2025-10-17T08:51:04.453Z"}
{"level":"info","message":"Template loaded: payout_notification","timestamp":"2025-10-17T08:51:04.492Z"}
{"level":"info","message":"Template loaded: product_stop","timestamp":"2025-10-17T08:51:04.503Z"}
{"level":"info","message":"Template loaded: sale_notification","timestamp":"2025-10-17T08:51:04.513Z"}
{"level":"info","message":"Template loaded: welcome","timestamp":"2025-10-17T08:51:04.519Z"}
{"level":"info","message":"Template loaded: invoice","timestamp":"2025-10-17T08:56:30.527Z"}
{"level":"info","message":"Template loaded: login_alert","timestamp":"2025-10-17T08:56:30.553Z"}
{"level":"info","message":"Template loaded: order_confirmation","timestamp":"2025-10-17T08:56:30.589Z"}
{"level":"info","message":"Template loaded: password_reset","timestamp":"2025-10-17T08:56:30.606Z"}
{"level":"info","message":"Template loaded: payout_notification","timestamp":"2025-10-17T08:56:30.620Z"}
{"level":"info","message":"Template loaded: product_stop","timestamp":"2025-10-17T08:56:30.630Z"}
{"level":"info","message":"Template loaded: sale_notification","timestamp":"2025-10-17T08:56:30.641Z"}
{"level":"info","message":"Template loaded: welcome","timestamp":"2025-10-17T08:56:30.648Z"}
{"level":"info","message":"Template loaded: invoice","timestamp":"2025-10-17T08:57:37.464Z"}
{"level":"info","message":"Template loaded: login_alert","timestamp":"2025-10-17T08:57:37.520Z"}
{"level":"info","message":"Template loaded: order_confirmation","timestamp":"2025-10-17T08:57:37.549Z"}
{"level":"info","message":"Template loaded: password_reset","timestamp":"2025-10-17T08:57:37.563Z"}
{"level":"info","message":"Template loaded: payout_notification","timestamp":"2025-10-17T08:57:37.575Z"}
{"level":"info","message":"Template loaded: product_stop","timestamp":"2025-10-17T08:57:37.587Z"}
{"level":"info","message":"Template loaded: sale_notification","timestamp":"2025-10-17T08:57:37.596Z"}
{"level":"info","message":"Template loaded: welcome","timestamp":"2025-10-17T08:57:37.603Z"}
{"level":"info","message":"Template loaded: invoice","timestamp":"2025-10-17T08:58:08.111Z"}
{"level":"info","message":"Template loaded: login_alert","timestamp":"2025-10-17T08:58:08.139Z"}
{"level":"info","message":"Template loaded: order_confirmation","timestamp":"2025-10-17T08:58:08.163Z"}
{"level":"info","message":"Template loaded: password_reset","timestamp":"2025-10-17T08:58:08.177Z"}
{"level":"info","message":"Template loaded: payout_notification","timestamp":"2025-10-17T08:58:08.189Z"}
{"level":"info","message":"Template loaded: product_stop","timestamp":"2025-10-17T08:58:08.202Z"}
{"level":"info","message":"Template loaded: sale_notification","timestamp":"2025-10-17T08:58:08.214Z"}
{"level":"info","message":"Template loaded: welcome","timestamp":"2025-10-17T08:58:08.221Z"}
{"level":"info","message":"Template loaded: invoice","timestamp":"2025-10-17T08:59:24.159Z"}
{"level":"info","message":"Template loaded: login_alert","timestamp":"2025-10-17T08:59:24.174Z"}
{"level":"info","message":"Template loaded: order_confirmation","timestamp":"2025-10-17T08:59:24.226Z"}
{"level":"info","message":"Template loaded: password_reset","timestamp":"2025-10-17T08:59:24.244Z"}
{"level":"info","message":"Template loaded: payout_notification","timestamp":"2025-10-17T08:59:24.256Z"}
{"level":"info","message":"Template loaded: product_stop","timestamp":"2025-10-17T08:59:24.268Z"}
{"level":"info","message":"Template loaded: sale_notification","timestamp":"2025-10-17T08:59:24.281Z"}
{"level":"info","message":"Template loaded: welcome","timestamp":"2025-10-17T08:59:24.285Z"}
{"level":"info","message":"Template loaded: invoice","timestamp":"2025-10-17T09:00:18.266Z"}
{"level":"info","message":"Template loaded: login_alert","timestamp":"2025-10-17T09:00:18.307Z"}
{"level":"info","message":"Template loaded: order_confirmation","timestamp":"2025-10-17T09:00:18.338Z"}
{"level":"info","message":"Template loaded: password_reset","timestamp":"2025-10-17T09:00:18.350Z"}
{"level":"info","message":"Template loaded: payout_notification","timestamp":"2025-10-17T09:00:18.365Z"}
{"level":"info","message":"Template loaded: product_stop","timestamp":"2025-10-17T09:00:18.385Z"}
{"level":"info","message":"Template loaded: sale_notification","timestamp":"2025-10-17T09:00:18.399Z"}
{"level":"info","message":"Template loaded: welcome","timestamp":"2025-10-17T09:00:18.414Z"}
{"level":"info","message":"Template loaded: invoice","timestamp":"2025-10-17T09:24:59.978Z"}
{"level":"info","message":"Template loaded: login_alert","timestamp":"2025-10-17T09:25:00.002Z"}
{"level":"info","message":"Template loaded: order_confirmation","timestamp":"2025-10-17T09:25:00.035Z"}
{"level":"info","message":"Template loaded: password_reset","timestamp":"2025-10-17T09:25:00.052Z"}
{"level":"info","message":"Template loaded: payout_notification","timestamp":"2025-10-17T09:25:00.067Z"}
{"level":"info","message":"Template loaded: product_stop","timestamp":"2025-10-17T09:25:00.078Z"}
{"level":"info","message":"Template loaded: sale_notification","timestamp":"2025-10-17T09:25:00.088Z"}
{"level":"info","message":"Template loaded: welcome","timestamp":"2025-10-17T09:25:00.093Z"}
{"level":"info","message":"Template loaded: invoice","timestamp":"2025-10-17T09:28:27.165Z"}
{"level":"info","message":"Template loaded: login_alert","timestamp":"2025-10-17T09:28:27.177Z"}
{"level":"info","message":"Template loaded: order_confirmation","timestamp":"2025-10-17T09:28:27.206Z"}
{"level":"info","message":"Template loaded: password_reset","timestamp":"2025-10-17T09:28:27.234Z"}
{"level":"info","message":"Template loaded: payout_notification","timestamp":"2025-10-17T09:28:27.254Z"}
{"level":"info","message":"Template loaded: product_stop","timestamp":"2025-10-17T09:28:27.269Z"}
{"level":"info","message":"Template loaded: sale_notification","timestamp":"2025-10-17T09:28:27.279Z"}
{"level":"info","message":"Template loaded: welcome","timestamp":"2025-10-17T09:28:27.285Z"}
{"level":"info","message":"Email sent successfully via SMTP to abhiabhi93187@gmail.com","timestamp":"2025-10-17T09:29:20.132Z"}
{"level":"info","message":"Template loaded: invoice","timestamp":"2025-10-17T09:36:57.703Z"}
{"level":"info","message":"Template loaded: login_alert","timestamp":"2025-10-17T09:36:57.724Z"}
{"level":"info","message":"Template loaded: order_confirmation","timestamp":"2025-10-17T09:36:57.766Z"}
{"level":"info","message":"Template loaded: password_reset","timestamp":"2025-10-17T09:36:57.782Z"}
{"level":"info","message":"Template loaded: payout_notification","timestamp":"2025-10-17T09:36:57.806Z"}
{"level":"info","message":"Template loaded: product_stop","timestamp":"2025-10-17T09:36:57.820Z"}
{"level":"info","message":"Template loaded: sale_notification","timestamp":"2025-10-17T09:36:57.834Z"}
{"level":"info","message":"Template loaded: welcome","timestamp":"2025-10-17T09:36:57.841Z"}
{"level":"info","message":"Template loaded: invoice","timestamp":"2025-10-17T09:38:37.298Z"}
{"level":"info","message":"Template loaded: login_alert","timestamp":"2025-10-17T09:38:37.323Z"}
{"level":"info","message":"Template loaded: order_confirmation","timestamp":"2025-10-17T09:38:37.354Z"}
{"level":"info","message":"Template loaded: password_reset","timestamp":"2025-10-17T09:38:37.366Z"}
{"level":"info","message":"Template loaded: payout_notification","timestamp":"2025-10-17T09:38:37.383Z"}
{"level":"info","message":"Template loaded: product_stop","timestamp":"2025-10-17T09:38:37.397Z"}
{"level":"info","message":"Template loaded: sale_notification","timestamp":"2025-10-17T09:38:37.415Z"}
{"level":"info","message":"Template loaded: welcome","timestamp":"2025-10-17T09:38:37.419Z"}
{"level":"info","message":"Template loaded: invoice","timestamp":"2025-10-17T09:50:51.598Z"}
{"level":"info","message":"Template loaded: login_alert","timestamp":"2025-10-17T09:50:51.618Z"}
{"level":"info","message":"Template loaded: order_confirmation","timestamp":"2025-10-17T09:50:51.645Z"}
{"level":"info","message":"Template loaded: password_reset","timestamp":"2025-10-17T09:50:51.656Z"}
{"level":"info","message":"Template loaded: payout_notification","timestamp":"2025-10-17T09:50:51.681Z"}
{"level":"info","message":"Template loaded: product_stop","timestamp":"2025-10-17T09:50:51.691Z"}
{"level":"info","message":"Template loaded: sale_notification","timestamp":"2025-10-17T09:50:51.703Z"}
{"level":"info","message":"Template loaded: welcome","timestamp":"2025-10-17T09:50:51.707Z"}
{"level":"info","message":"Template loaded: invoice","timestamp":"2025-10-17T09:51:54.442Z"}
{"level":"info","message":"Template loaded: login_alert","timestamp":"2025-10-17T09:51:54.478Z"}
{"level":"info","message":"Template loaded: order_confirmation","timestamp":"2025-10-17T09:51:54.501Z"}
{"level":"info","message":"Template loaded: password_reset","timestamp":"2025-10-17T09:51:54.512Z"}
{"level":"info","message":"Template loaded: payout_notification","timestamp":"2025-10-17T09:51:54.523Z"}
{"level":"info","message":"Template loaded: product_stop","timestamp":"2025-10-17T09:51:54.545Z"}
{"level":"info","message":"Template loaded: sale_notification","timestamp":"2025-10-17T09:51:54.553Z"}
{"level":"info","message":"Template loaded: welcome","timestamp":"2025-10-17T09:51:54.560Z"}
{"level":"info","message":"Template loaded: invoice","timestamp":"2025-10-17T09:54:59.411Z"}
{"level":"info","message":"Template loaded: login_alert","timestamp":"2025-10-17T09:54:59.478Z"}
{"level":"info","message":"Template loaded: order_confirmation","timestamp":"2025-10-17T09:54:59.509Z"}
{"level":"info","message":"Template loaded: password_reset","timestamp":"2025-10-17T09:54:59.517Z"}
{"level":"info","message":"Template loaded: payout_notification","timestamp":"2025-10-17T09:54:59.533Z"}
{"level":"info","message":"Template loaded: product_stop","timestamp":"2025-10-17T09:54:59.543Z"}
{"level":"info","message":"Template loaded: sale_notification","timestamp":"2025-10-17T09:54:59.553Z"}
{"level":"info","message":"Template loaded: welcome","timestamp":"2025-10-17T09:54:59.558Z"}
{"level":"info","message":"Template loaded: invoice","timestamp":"2025-10-17T09:57:04.893Z"}
{"level":"info","message":"Template loaded: login_alert","timestamp":"2025-10-17T09:57:04.944Z"}
{"level":"info","message":"Template loaded: order_confirmation","timestamp":"2025-10-17T09:57:04.966Z"}
{"level":"info","message":"Template loaded: password_reset","timestamp":"2025-10-17T09:57:04.977Z"}
{"level":"info","message":"Template loaded: payout_notification","timestamp":"2025-10-17T09:57:04.988Z"}
{"level":"info","message":"Template loaded: product_stop","timestamp":"2025-10-17T09:57:04.998Z"}
{"level":"info","message":"Template loaded: sale_notification","timestamp":"2025-10-17T09:57:05.007Z"}
{"level":"info","message":"Template loaded: welcome","timestamp":"2025-10-17T09:57:05.011Z"}
{"level":"info","message":"Template loaded: invoice","timestamp":"2025-10-17T09:59:30.635Z"}
{"level":"info","message":"Template loaded: login_alert","timestamp":"2025-10-17T09:59:30.668Z"}
{"level":"info","message":"Template loaded: order_confirmation","timestamp":"2025-10-17T09:59:30.702Z"}
{"level":"info","message":"Template loaded: password_reset","timestamp":"2025-10-17T09:59:30.724Z"}
{"level":"info","message":"Template loaded: payout_notification","timestamp":"2025-10-17T09:59:30.740Z"}
{"level":"info","message":"Template loaded: product_stop","timestamp":"2025-10-17T09:59:30.752Z"}
{"level":"info","message":"Template loaded: sale_notification","timestamp":"2025-10-17T09:59:30.761Z"}
{"level":"info","message":"Template loaded: welcome","timestamp":"2025-10-17T09:59:30.765Z"}
{"level":"info","message":"Email sent successfully via SMTP to sweejithgowda@gmail.com","timestamp":"2025-10-17T10:00:22.094Z"}
{"level":"info","message":"Template loaded: invoice","timestamp":"2025-10-17T10:01:39.440Z"}
{"level":"info","message":"Template loaded: login_alert","timestamp":"2025-10-17T10:01:39.456Z"}
{"level":"info","message":"Template loaded: order_confirmation","timestamp":"2025-10-17T10:01:39.486Z"}
{"level":"info","message":"Template loaded: password_reset","timestamp":"2025-10-17T10:01:39.505Z"}
{"level":"info","message":"Template loaded: payout_notification","timestamp":"2025-10-17T10:01:39.526Z"}
{"level":"info","message":"Template loaded: product_stop","timestamp":"2025-10-17T10:01:39.537Z"}
{"level":"info","message":"Template loaded: sale_notification","timestamp":"2025-10-17T10:01:39.549Z"}
{"level":"info","message":"Template loaded: welcome","timestamp":"2025-10-17T10:01:39.555Z"}
{"level":"info","message":"Email sent successfully via SMTP to pratheekgowda53@gmail.com","timestamp":"2025-10-17T10:04:01.906Z"}
{"level":"info","message":"Template loaded: invoice","timestamp":"2025-10-17T10:05:08.160Z"}
{"level":"info","message":"Template loaded: login_alert","timestamp":"2025-10-17T10:05:08.187Z"}
{"level":"info","message":"Template loaded: order_confirmation","timestamp":"2025-10-17T10:05:08.212Z"}
{"level":"info","message":"Template loaded: password_reset","timestamp":"2025-10-17T10:05:08.224Z"}
{"level":"info","message":"Template loaded: payout_notification","timestamp":"2025-10-17T10:05:08.240Z"}
{"level":"info","message":"Template loaded: product_stop","timestamp":"2025-10-17T10:05:08.254Z"}
{"level":"info","message":"Template loaded: sale_notification","timestamp":"2025-10-17T10:05:08.264Z"}
{"level":"info","message":"Template loaded: welcome","timestamp":"2025-10-17T10:05:08.269Z"}
{"level":"info","message":"Template loaded: invoice","timestamp":"2025-10-17T10:23:32.912Z"}
{"level":"info","message":"Template loaded: login_alert","timestamp":"2025-10-17T10:23:32.927Z"}
{"level":"info","message":"Template loaded: order_confirmation","timestamp":"2025-10-17T10:23:32.984Z"}
{"level":"info","message":"Template loaded: password_reset","timestamp":"2025-10-17T10:23:33.003Z"}
{"level":"info","message":"Template loaded: payout_notification","timestamp":"2025-10-17T10:23:33.037Z"}
{"level":"info","message":"Template loaded: product_stop","timestamp":"2025-10-17T10:23:33.059Z"}
{"level":"info","message":"Template loaded: sale_notification","timestamp":"2025-10-17T10:23:33.073Z"}
{"level":"info","message":"Template loaded: welcome","timestamp":"2025-10-17T10:23:33.082Z"}
{"level":"info","message":"Template loaded: invoice","timestamp":"2025-10-17T10:25:54.568Z"}
{"level":"info","message":"Template loaded: login_alert","timestamp":"2025-10-17T10:25:54.597Z"}
{"level":"info","message":"Template loaded: order_confirmation","timestamp":"2025-10-17T10:25:54.663Z"}
{"level":"info","message":"Template loaded: password_reset","timestamp":"2025-10-17T10:25:54.694Z"}
{"level":"info","message":"Template loaded: payout_notification","timestamp":"2025-10-17T10:25:54.721Z"}
{"level":"info","message":"Template loaded: product_stop","timestamp":"2025-10-17T10:25:54.739Z"}
{"level":"info","message":"Template loaded: sale_notification","timestamp":"2025-10-17T10:25:54.750Z"}
{"level":"info","message":"Template loaded: welcome","timestamp":"2025-10-17T10:25:54.758Z"}
{"level":"info","message":"Template loaded: invoice","timestamp":"2025-10-17T10:26:24.024Z"}
{"level":"info","message":"Template loaded: login_alert","timestamp":"2025-10-17T10:26:24.078Z"}
{"level":"info","message":"Template loaded: order_confirmation","timestamp":"2025-10-17T10:26:24.138Z"}
{"level":"info","message":"Template loaded: password_reset","timestamp":"2025-10-17T10:26:24.159Z"}
{"level":"info","message":"Template loaded: payout_notification","timestamp":"2025-10-17T10:26:24.184Z"}
{"level":"info","message":"Template loaded: product_stop","timestamp":"2025-10-17T10:26:24.209Z"}
{"level":"info","message":"Template loaded: sale_notification","timestamp":"2025-10-17T10:26:24.236Z"}
{"level":"info","message":"Template loaded: welcome","timestamp":"2025-10-17T10:26:24.252Z"}
{"level":"info","message":"Template loaded: invoice","timestamp":"2025-10-17T10:26:56.611Z"}
{"level":"info","message":"Template loaded: login_alert","timestamp":"2025-10-17T10:26:56.637Z"}
{"level":"info","message":"Template loaded: order_confirmation","timestamp":"2025-10-17T10:26:56.687Z"}
{"level":"info","message":"Template loaded: password_reset","timestamp":"2025-10-17T10:26:56.708Z"}
{"level":"info","message":"Template loaded: payout_notification","timestamp":"2025-10-17T10:26:56.727Z"}
{"level":"info","message":"Template loaded: product_stop","timestamp":"2025-10-17T10:26:56.748Z"}
{"level":"info","message":"Template loaded: sale_notification","timestamp":"2025-10-17T10:26:56.766Z"}
{"level":"info","message":"Template loaded: welcome","timestamp":"2025-10-17T10:26:56.774Z"}
{"level":"info","message":"Template loaded: invoice","timestamp":"2025-10-17T10:27:21.301Z"}
{"level":"info","message":"Template loaded: login_alert","timestamp":"2025-10-17T10:27:21.318Z"}
{"level":"info","message":"Template loaded: order_confirmation","timestamp":"2025-10-17T10:27:21.390Z"}
{"level":"info","message":"Template loaded: password_reset","timestamp":"2025-10-17T10:27:21.407Z"}
{"level":"info","message":"Template loaded: payout_notification","timestamp":"2025-10-17T10:27:21.424Z"}
{"level":"info","message":"Template loaded: product_stop","timestamp":"2025-10-17T10:27:21.438Z"}
{"level":"info","message":"Template loaded: sale_notification","timestamp":"2025-10-17T10:27:21.453Z"}
{"level":"info","message":"Template loaded: welcome","timestamp":"2025-10-17T10:27:21.462Z"}
{"level":"info","message":"Template loaded: invoice","timestamp":"2025-10-17T10:39:03.609Z"}
{"level":"info","message":"Template loaded: login_alert","timestamp":"2025-10-17T10:39:03.645Z"}
{"level":"info","message":"Template loaded: order_confirmation","timestamp":"2025-10-17T10:39:03.713Z"}
{"level":"info","message":"Template loaded: password_reset","timestamp":"2025-10-17T10:39:03.727Z"}
{"level":"info","message":"Template loaded: payout_notification","timestamp":"2025-10-17T10:39:03.750Z"}
{"level":"info","message":"Template loaded: product_stop","timestamp":"2025-10-17T10:39:03.771Z"}
{"level":"info","message":"Template loaded: sale_notification","timestamp":"2025-10-17T10:39:03.782Z"}
{"level":"info","message":"Template loaded: welcome","timestamp":"2025-10-17T10:39:03.789Z"}
{"level":"info","message":"Template loaded: invoice","timestamp":"2025-10-17T10:42:01.268Z"}
{"level":"info","message":"Template loaded: login_alert","timestamp":"2025-10-17T10:42:01.297Z"}
{"level":"info","message":"Template loaded: order_confirmation","timestamp":"2025-10-17T10:42:01.372Z"}
{"level":"info","message":"Template loaded: password_reset","timestamp":"2025-10-17T10:42:01.428Z"}
{"level":"info","message":"Template loaded: payout_notification","timestamp":"2025-10-17T10:42:01.452Z"}
{"level":"info","message":"Template loaded: product_stop","timestamp":"2025-10-17T10:42:01.469Z"}
{"level":"info","message":"Template loaded: sale_notification","timestamp":"2025-10-17T10:42:01.477Z"}
{"level":"info","message":"Template loaded: welcome","timestamp":"2025-10-17T10:42:01.481Z"}
{"level":"info","message":"Template loaded: invoice","timestamp":"2025-10-17T10:58:20.051Z"}
{"level":"info","message":"Template loaded: login_alert","timestamp":"2025-10-17T10:58:20.094Z"}
{"level":"info","message":"Template loaded: order_confirmation","timestamp":"2025-10-17T10:58:20.146Z"}
{"level":"info","message":"Template loaded: password_reset","timestamp":"2025-10-17T10:58:20.167Z"}
{"level":"info","message":"Template loaded: payout_notification","timestamp":"2025-10-17T10:58:20.195Z"}
{"level":"info","message":"Template loaded: product_stop","timestamp":"2025-10-17T10:58:20.221Z"}
{"level":"info","message":"Template loaded: sale_notification","timestamp":"2025-10-17T10:58:20.231Z"}
{"level":"info","message":"Template loaded: welcome","timestamp":"2025-10-17T10:58:20.235Z"}
{"level":"info","message":"Template loaded: invoice","timestamp":"2025-10-17T11:01:56.013Z"}
{"level":"info","message":"Template loaded: login_alert","timestamp":"2025-10-17T11:01:56.060Z"}
{"level":"info","message":"Template loaded: order_confirmation","timestamp":"2025-10-17T11:01:56.126Z"}
{"level":"info","message":"Template loaded: password_reset","timestamp":"2025-10-17T11:01:56.151Z"}
{"level":"info","message":"Template loaded: payout_notification","timestamp":"2025-10-17T11:01:56.174Z"}
{"level":"info","message":"Template loaded: product_stop","timestamp":"2025-10-17T11:01:56.201Z"}
{"level":"info","message":"Template loaded: sale_notification","timestamp":"2025-10-17T11:01:56.210Z"}
{"level":"info","message":"Template loaded: welcome","timestamp":"2025-10-17T11:01:56.216Z"}
{"level":"info","message":"Template loaded: invoice","timestamp":"2025-10-17T11:03:27.058Z"}
{"level":"info","message":"Template loaded: login_alert","timestamp":"2025-10-17T11:03:27.108Z"}
{"level":"info","message":"Template loaded: order_confirmation","timestamp":"2025-10-17T11:03:27.161Z"}
{"level":"info","message":"Template loaded: password_reset","timestamp":"2025-10-17T11:03:27.181Z"}
{"level":"info","message":"Template loaded: payout_notification","timestamp":"2025-10-17T11:03:27.216Z"}
{"level":"info","message":"Template loaded: product_stop","timestamp":"2025-10-17T11:03:27.236Z"}
{"level":"info","message":"Template loaded: sale_notification","timestamp":"2025-10-17T11:03:27.248Z"}
{"level":"info","message":"Template loaded: welcome","timestamp":"2025-10-17T11:03:27.254Z"}
{"level":"error","message":"Failed to send email to sweejithgowda@gmail.com: Template 'notification' not found","stack":"Error: Template 'notification' not found\n    at MailerService.sendEmail (C:\\Users\\user\\OneDrive\\Desktop\\DIGITISE\\services\\mailer.js:174:15)\n    at process.processTicksAndRejections (node:internal/process/task_queues:105:5)\n    at async C:\\Users\\user\\OneDrive\\Desktop\\DIGITISE\\routes\\auth.js:423:7","timestamp":"2025-10-17T11:03:46.538Z"}
{"level":"info","message":"Template loaded: invoice","timestamp":"2025-10-17T11:16:57.829Z"}
{"level":"info","message":"Template loaded: login_alert","timestamp":"2025-10-17T11:16:57.863Z"}
{"level":"info","message":"Template loaded: order_confirmation","timestamp":"2025-10-17T11:16:57.999Z"}
{"level":"info","message":"Template loaded: password_reset","timestamp":"2025-10-17T11:16:58.026Z"}
{"level":"info","message":"Template loaded: payout_notification","timestamp":"2025-10-17T11:16:58.057Z"}
{"level":"info","message":"Template loaded: product_stop","timestamp":"2025-10-17T11:16:58.080Z"}
{"level":"info","message":"Template loaded: sale_notification","timestamp":"2025-10-17T11:16:58.093Z"}
{"level":"info","message":"Template loaded: welcome","timestamp":"2025-10-17T11:16:58.100Z"}
{"level":"error","message":"Failed to send email to sweejithgowda@gmail.com: Template 'notification' not found","stack":"Error: Template 'notification' not found\n    at MailerService.sendEmail (C:\\Users\\user\\OneDrive\\Desktop\\DIGITISE\\services\\mailer.js:174:15)\n    at process.processTicksAndRejections (node:internal/process/task_queues:105:5)\n    at async C:\\Users\\user\\OneDrive\\Desktop\\DIGITISE\\routes\\auth.js:423:7","timestamp":"2025-10-17T11:17:10.125Z"}
{"level":"info","message":"Template loaded: invoice","timestamp":"2025-10-17T11:21:12.873Z"}
{"level":"info","message":"Template loaded: login_alert","timestamp":"2025-10-17T11:21:12.896Z"}
{"level":"info","message":"Template loaded: notification","timestamp":"2025-10-17T11:21:12.914Z"}
{"level":"info","message":"Template loaded: order_confirmation","timestamp":"2025-10-17T11:21:12.957Z"}
{"level":"info","message":"Template loaded: password_reset","timestamp":"2025-10-17T11:21:12.989Z"}
{"level":"info","message":"Template loaded: payout_notification","timestamp":"2025-10-17T11:21:13.011Z"}
{"level":"info","message":"Template loaded: product_stop","timestamp":"2025-10-17T11:21:13.036Z"}
{"level":"info","message":"Template loaded: sale_notification","timestamp":"2025-10-17T11:21:13.049Z"}
{"level":"info","message":"Template loaded: welcome","timestamp":"2025-10-17T11:21:13.055Z"}
{"level":"info","message":"Email sent successfully via SMTP to sweejithgowda@gmail.com","timestamp":"2025-10-17T11:21:34.244Z"}
{"level":"info","message":"Email sent successfully via SMTP to sweejithgowda@gmail.com","timestamp":"2025-10-17T11:21:51.657Z"}
{"level":"info","message":"Template loaded: invoice","timestamp":"2025-10-17T11:23:58.851Z"}
{"level":"info","message":"Template loaded: login_alert","timestamp":"2025-10-17T11:23:58.892Z"}
{"level":"info","message":"Template loaded: notification","timestamp":"2025-10-17T11:23:58.909Z"}
{"level":"info","message":"Template loaded: order_confirmation","timestamp":"2025-10-17T11:23:58.968Z"}
{"level":"info","message":"Template loaded: password_reset","timestamp":"2025-10-17T11:23:58.988Z"}
{"level":"info","message":"Template loaded: payout_notification","timestamp":"2025-10-17T11:23:59.014Z"}
{"level":"info","message":"Template loaded: product_stop","timestamp":"2025-10-17T11:23:59.039Z"}
{"level":"info","message":"Template loaded: sale_notification","timestamp":"2025-10-17T11:23:59.051Z"}
{"level":"info","message":"Template loaded: welcome","timestamp":"2025-10-17T11:23:59.057Z"}
{"level":"info","message":"Email sent successfully via SMTP to sweejithgowda@gmail.com","timestamp":"2025-10-17T11:24:19.328Z"}
{"level":"info","message":"Template loaded: invoice","timestamp":"2025-10-17T11:25:09.150Z"}
{"level":"info","message":"Template loaded: login_alert","timestamp":"2025-10-17T11:25:09.190Z"}
{"level":"info","message":"Template loaded: notification","timestamp":"2025-10-17T11:25:09.205Z"}
{"level":"info","message":"Template loaded: order_confirmation","timestamp":"2025-10-17T11:25:09.243Z"}
{"level":"info","message":"Template loaded: password_reset","timestamp":"2025-10-17T11:25:09.262Z"}
{"level":"info","message":"Template loaded: payout_notification","timestamp":"2025-10-17T11:25:09.289Z"}
{"level":"info","message":"Template loaded: product_stop","timestamp":"2025-10-17T11:25:09.337Z"}
{"level":"info","message":"Template loaded: sale_notification","timestamp":"2025-10-17T11:25:09.354Z"}
{"level":"info","message":"Template loaded: welcome","timestamp":"2025-10-17T11:25:09.363Z"}
{"level":"info","message":"Email sent successfully via SMTP to sweejithgowda@gmail.com","timestamp":"2025-10-17T11:25:23.629Z"}
{"level":"info","message":"Template loaded: invoice","timestamp":"2025-10-17T11:27:39.080Z"}
{"level":"info","message":"Template loaded: login_alert","timestamp":"2025-10-17T11:27:39.094Z"}
{"level":"info","message":"Template loaded: notification","timestamp":"2025-10-17T11:27:39.104Z"}
{"level":"info","message":"Template loaded: order_confirmation","timestamp":"2025-10-17T11:27:39.134Z"}
{"level":"info","message":"Template loaded: password_reset","timestamp":"2025-10-17T11:27:39.154Z"}
{"level":"info","message":"Template loaded: payout_notification","timestamp":"2025-10-17T11:27:39.181Z"}
{"level":"info","message":"Template loaded: product_stop","timestamp":"2025-10-17T11:27:39.198Z"}
{"level":"info","message":"Template loaded: sale_notification","timestamp":"2025-10-17T11:27:39.208Z"}
{"level":"info","message":"Template loaded: welcome","timestamp":"2025-10-17T11:27:39.213Z"}
{"level":"info","message":"Email sent successfully via SMTP to sweejithgowda@gmail.com","timestamp":"2025-10-17T11:27:56.723Z"}
{"level":"info","message":"Email sent successfully via SMTP to sweejithgowda@gmail.com","timestamp":"2025-10-17T11:28:11.765Z"}
{"level":"info","message":"Template loaded: invoice","timestamp":"2025-10-17T14:25:51.032Z"}
{"level":"info","message":"Template loaded: login_alert","timestamp":"2025-10-17T14:25:51.044Z"}
{"level":"info","message":"Template loaded: notification","timestamp":"2025-10-17T14:25:51.053Z"}
{"level":"info","message":"Template loaded: order_confirmation","timestamp":"2025-10-17T14:25:51.076Z"}
{"level":"info","message":"Template loaded: password_reset","timestamp":"2025-10-17T14:25:51.082Z"}
{"level":"info","message":"Template loaded: payout_notification","timestamp":"2025-10-17T14:25:51.094Z"}
{"level":"info","message":"Template loaded: product_stop","timestamp":"2025-10-17T14:25:51.106Z"}
{"level":"info","message":"Template loaded: sale_notification","timestamp":"2025-10-17T14:25:51.111Z"}
{"level":"info","message":"Template loaded: welcome","timestamp":"2025-10-17T14:25:51.115Z"}
{"level":"info","message":"Email sent successfully via SMTP to sweejithgowda@gmail.com","timestamp":"2025-10-17T14:26:20.350Z"}
{"level":"info","message":"Template loaded: invoice","timestamp":"2025-10-17T14:29:49.560Z"}
{"level":"info","message":"Template loaded: login_alert","timestamp":"2025-10-17T14:29:49.580Z"}
{"level":"info","message":"Template loaded: notification","timestamp":"2025-10-17T14:29:49.599Z"}
{"level":"info","message":"Template loaded: order_confirmation","timestamp":"2025-10-17T14:29:49.630Z"}
{"level":"info","message":"Template loaded: password_reset","timestamp":"2025-10-17T14:29:49.639Z"}
{"level":"info","message":"Template loaded: payout_notification","timestamp":"2025-10-17T14:29:49.652Z"}
{"level":"info","message":"Template loaded: product_stop","timestamp":"2025-10-17T14:29:49.664Z"}
{"level":"info","message":"Template loaded: sale_notification","timestamp":"2025-10-17T14:29:49.670Z"}
{"level":"info","message":"Template loaded: welcome","timestamp":"2025-10-17T14:29:49.673Z"}
{"level":"info","message":"Email sent successfully via SMTP to sweejithgowda@gmail.com","timestamp":"2025-10-17T14:30:09.067Z"}
{"level":"info","message":"Template loaded: invoice","timestamp":"2025-10-17T14:34:51.763Z"}
{"level":"info","message":"Template loaded: login_alert","timestamp":"2025-10-17T14:34:51.796Z"}
{"level":"info","message":"Template loaded: notification","timestamp":"2025-10-17T14:34:51.803Z"}
{"level":"info","message":"Template loaded: order_confirmation","timestamp":"2025-10-17T14:34:51.829Z"}
{"level":"info","message":"Template loaded: password_reset","timestamp":"2025-10-17T14:34:51.840Z"}
{"level":"info","message":"Template loaded: payout_notification","timestamp":"2025-10-17T14:34:51.851Z"}
{"level":"info","message":"Template loaded: product_stop","timestamp":"2025-10-17T14:34:51.863Z"}
{"level":"info","message":"Template loaded: sale_notification","timestamp":"2025-10-17T14:34:51.868Z"}
{"level":"info","message":"Template loaded: welcome","timestamp":"2025-10-17T14:34:51.879Z"}
{"level":"info","message":"Template loaded: invoice","timestamp":"2025-10-17T14:36:24.530Z"}
{"level":"info","message":"Template loaded: login_alert","timestamp":"2025-10-17T14:36:24.546Z"}
{"level":"info","message":"Template loaded: notification","timestamp":"2025-10-17T14:36:24.556Z"}
{"level":"info","message":"Template loaded: order_confirmation","timestamp":"2025-10-17T14:36:24.582Z"}
{"level":"info","message":"Template loaded: password_reset","timestamp":"2025-10-17T14:36:24.591Z"}
{"level":"info","message":"Template loaded: payout_notification","timestamp":"2025-10-17T14:36:24.602Z"}
{"level":"info","message":"Template loaded: product_stop","timestamp":"2025-10-17T14:36:24.613Z"}
{"level":"info","message":"Template loaded: sale_notification","timestamp":"2025-10-17T14:36:24.618Z"}
{"level":"info","message":"Template loaded: welcome","timestamp":"2025-10-17T14:36:24.622Z"}
{"level":"info","message":"Email sent successfully via SMTP to pratheekgowda54@gmail.com","timestamp":"2025-10-17T14:38:03.678Z"}
{"level":"info","message":"Email sent successfully via SMTP to pratheekgowda54@gmail.com","timestamp":"2025-10-17T14:38:45.136Z"}
{"level":"info","message":"Template loaded: invoice","timestamp":"2025-10-17T14:45:27.197Z"}
{"level":"info","message":"Template loaded: login_alert","timestamp":"2025-10-17T14:45:27.215Z"}
{"level":"info","message":"Template loaded: notification","timestamp":"2025-10-17T14:45:27.230Z"}
{"level":"info","message":"Template loaded: order_confirmation","timestamp":"2025-10-17T14:45:27.266Z"}
{"level":"info","message":"Template loaded: password_reset","timestamp":"2025-10-17T14:45:27.283Z"}
{"level":"info","message":"Template loaded: payout_notification","timestamp":"2025-10-17T14:45:27.303Z"}
{"level":"info","message":"Template loaded: product_stop","timestamp":"2025-10-17T14:45:27.316Z"}
{"level":"info","message":"Template loaded: sale_notification","timestamp":"2025-10-17T14:45:27.322Z"}
{"level":"info","message":"Template loaded: welcome","timestamp":"2025-10-17T14:45:27.325Z"}
{"level":"info","message":"Email sent successfully via SMTP to pratheekgowda54@gmail.com","timestamp":"2025-10-17T14:45:43.498Z"}
{"level":"info","message":"Template loaded: invoice","timestamp":"2025-10-17T14:48:34.472Z"}
{"level":"info","message":"Template loaded: login_alert","timestamp":"2025-10-17T14:48:34.508Z"}
{"level":"info","message":"Template loaded: notification","timestamp":"2025-10-17T14:48:34.527Z"}
{"level":"info","message":"Template loaded: order_confirmation","timestamp":"2025-10-17T14:48:34.593Z"}
{"level":"info","message":"Template loaded: password_reset","timestamp":"2025-10-17T14:48:34.603Z"}
{"level":"info","message":"Template loaded: payout_notification","timestamp":"2025-10-17T14:48:34.621Z"}
{"level":"info","message":"Template loaded: product_stop","timestamp":"2025-10-17T14:48:34.637Z"}
{"level":"info","message":"Template loaded: sale_notification","timestamp":"2025-10-17T14:48:34.644Z"}
{"level":"info","message":"Template loaded: welcome","timestamp":"2025-10-17T14:48:34.649Z"}
{"level":"info","message":"Email sent successfully via SMTP to pratheekgowda54@gmail.com","timestamp":"2025-10-17T14:48:49.052Z"}
{"level":"info","message":"Template loaded: invoice","timestamp":"2025-10-17T14:54:05.844Z"}
{"level":"info","message":"Template loaded: login_alert","timestamp":"2025-10-17T14:54:05.879Z"}
{"level":"info","message":"Template loaded: notification","timestamp":"2025-10-17T14:54:05.898Z"}
{"level":"info","message":"Template loaded: order_confirmation","timestamp":"2025-10-17T14:54:05.961Z"}
{"level":"info","message":"Template loaded: password_reset","timestamp":"2025-10-17T14:54:05.977Z"}
{"level":"info","message":"Template loaded: payout_notification","timestamp":"2025-10-17T14:54:05.994Z"}
{"level":"info","message":"Template loaded: product_stop","timestamp":"2025-10-17T14:54:06.013Z"}
{"level":"info","message":"Template loaded: sale_notification","timestamp":"2025-10-17T14:54:06.027Z"}
{"level":"info","message":"Template loaded: welcome","timestamp":"2025-10-17T14:54:06.048Z"}
{"level":"info","message":"Email sent successfully via SMTP to pratheekgowda54@gmail.com","timestamp":"2025-10-17T14:54:19.698Z"}
{"level":"info","message":"Template loaded: invoice","timestamp":"2025-10-17T14:56:47.372Z"}
{"level":"info","message":"Template loaded: login_alert","timestamp":"2025-10-17T14:56:47.405Z"}
{"level":"info","message":"Template loaded: notification","timestamp":"2025-10-17T14:56:47.440Z"}
{"level":"info","message":"Template loaded: order_confirmation","timestamp":"2025-10-17T14:56:47.486Z"}
{"level":"info","message":"Template loaded: password_reset","timestamp":"2025-10-17T14:56:47.510Z"}
{"level":"info","message":"Template loaded: payout_notification","timestamp":"2025-10-17T14:56:47.535Z"}
{"level":"info","message":"Template loaded: product_stop","timestamp":"2025-10-17T14:56:47.566Z"}
{"level":"info","message":"Template loaded: sale_notification","timestamp":"2025-10-17T14:56:47.580Z"}
{"level":"info","message":"Template loaded: welcome","timestamp":"2025-10-17T14:56:47.587Z"}
{"level":"info","message":"Email sent successfully via SMTP to pratheekgowda54@gmail.com","timestamp":"2025-10-17T14:57:01.980Z"}
{"level":"info","message":"Template loaded: invoice","timestamp":"2025-10-17T15:01:12.669Z"}
{"level":"info","message":"Template loaded: login_alert","timestamp":"2025-10-17T15:01:12.693Z"}
{"level":"info","message":"Template loaded: notification","timestamp":"2025-10-17T15:01:12.713Z"}
{"level":"info","message":"Template loaded: order_confirmation","timestamp":"2025-10-17T15:01:12.782Z"}
{"level":"info","message":"Template loaded: password_reset","timestamp":"2025-10-17T15:01:12.802Z"}
{"level":"info","message":"Template loaded: payout_notification","timestamp":"2025-10-17T15:01:12.836Z"}
{"level":"info","message":"Template loaded: product_stop","timestamp":"2025-10-17T15:01:12.868Z"}
{"level":"info","message":"Template loaded: sale_notification","timestamp":"2025-10-17T15:01:12.877Z"}
{"level":"info","message":"Template loaded: welcome","timestamp":"2025-10-17T15:01:12.881Z"}
{"level":"info","message":"Email sent successfully via SMTP to pratheekgowda54@gmail.com","timestamp":"2025-10-17T15:01:29.831Z"}
{"level":"info","message":"Template loaded: invoice","timestamp":"2025-10-17T15:21:06.675Z"}
{"level":"info","message":"Template loaded: login_alert","timestamp":"2025-10-17T15:21:06.727Z"}
{"level":"info","message":"Template loaded: notification","timestamp":"2025-10-17T15:21:06.745Z"}
{"level":"info","message":"Template loaded: order_confirmation","timestamp":"2025-10-17T15:21:06.789Z"}
{"level":"info","message":"Template loaded: password_reset","timestamp":"2025-10-17T15:21:06.813Z"}
{"level":"info","message":"Template loaded: payout_notification","timestamp":"2025-10-17T15:21:06.835Z"}
{"level":"info","message":"Template loaded: product_stop","timestamp":"2025-10-17T15:21:06.852Z"}
{"level":"info","message":"Template loaded: sale_notification","timestamp":"2025-10-17T15:21:06.861Z"}
{"level":"info","message":"Template loaded: welcome","timestamp":"2025-10-17T15:21:06.867Z"}
{"level":"info","message":"Email sent successfully via SMTP to pratheekgowda54@gmail.com","timestamp":"2025-10-17T15:21:23.636Z"}
{"level":"info","message":"Email sent successfully via SMTP to buyertest@example.com","timestamp":"2025-10-17T15:23:25.304Z"}
{"level":"info","message":"Email sent successfully via SMTP to buyertest@example.com","timestamp":"2025-10-17T15:23:46.689Z"}
{"level":"info","message":"Template loaded: invoice","timestamp":"2025-10-17T15:30:07.251Z"}
{"level":"info","message":"Template loaded: login_alert","timestamp":"2025-10-17T15:30:07.362Z"}
{"level":"info","message":"Template loaded: notification","timestamp":"2025-10-17T15:30:07.384Z"}
{"level":"info","message":"Template loaded: order_confirmation","timestamp":"2025-10-17T15:30:07.444Z"}
{"level":"info","message":"Template loaded: password_reset","timestamp":"2025-10-17T15:30:07.465Z"}
{"level":"info","message":"Template loaded: payout_notification","timestamp":"2025-10-17T15:30:07.493Z"}
{"level":"info","message":"Template loaded: product_stop","timestamp":"2025-10-17T15:30:07.518Z"}
{"level":"info","message":"Template loaded: sale_notification","timestamp":"2025-10-17T15:30:07.537Z"}
{"level":"info","message":"Template loaded: welcome","timestamp":"2025-10-17T15:30:07.544Z"}
{"level":"info","message":"Email sent successfully via SMTP to pratheekgowda54@gmail.com","timestamp":"2025-10-17T15:30:27.823Z"}
{"level":"info","message":"Email sent successfully via SMTP to dashboardtest2@example.com","timestamp":"2025-10-17T15:35:34.977Z"}
{"level":"info","message":"Email sent successfully via SMTP to dashboardtest2@example.com","timestamp":"2025-10-17T15:35:57.069Z"}
{"level":"info","message":"Email sent successfully via SMTP to dashboardtest2@example.com","timestamp":"2025-10-17T15:36:39.492Z"}
{"level":"info","message":"Email sent successfully via SMTP to dashboardtest2@example.com","timestamp":"2025-10-17T15:37:41.547Z"}
{"level":"info","message":"Email sent successfully via SMTP to dashboardtest2@example.com","timestamp":"2025-10-17T15:39:01.541Z"}
{"level":"info","message":"Email sent successfully via SMTP to buyernew@example.com","timestamp":"2025-10-17T15:42:27.550Z"}
{"level":"info","message":"Email sent successfully via SMTP to buyernew@example.com","timestamp":"2025-10-17T15:42:44.078Z"}
{"level":"info","message":"Email sent successfully via SMTP to buyernew@example.com","timestamp":"2025-10-17T15:43:29.420Z"}
{"level":"info","message":"Email sent successfully via SMTP to buyernew@example.com","timestamp":"2025-10-17T15:44:18.151Z"}
{"level":"info","message":"Email sent successfully via SMTP to newbuyer2024@demo.com","timestamp":"2025-10-17T15:48:13.866Z"}
{"level":"info","message":"Email sent successfully via SMTP to newbuyer2024@demo.com","timestamp":"2025-10-17T15:48:31.094Z"}
{"level":"info","message":"Email sent successfully via SMTP to newbuyer2024@demo.com","timestamp":"2025-10-17T15:49:04.052Z"}
{"level":"info","message":"Template loaded: invoice","timestamp":"2025-10-17T15:54:33.279Z"}
{"level":"info","message":"Template loaded: login_alert","timestamp":"2025-10-17T15:54:33.310Z"}
{"level":"info","message":"Template loaded: notification","timestamp":"2025-10-17T15:54:33.324Z"}
{"level":"info","message":"Template loaded: order_confirmation","timestamp":"2025-10-17T15:54:33.364Z"}
{"level":"info","message":"Template loaded: password_reset","timestamp":"2025-10-17T15:54:33.393Z"}
{"level":"info","message":"Template loaded: payout_notification","timestamp":"2025-10-17T15:54:33.411Z"}
{"level":"info","message":"Template loaded: product_stop","timestamp":"2025-10-17T15:54:33.430Z"}
{"level":"info","message":"Template loaded: sale_notification","timestamp":"2025-10-17T15:54:33.439Z"}
{"level":"info","message":"Template loaded: welcome","timestamp":"2025-10-17T15:54:33.444Z"}
{"level":"info","message":"Email sent successfully via SMTP to pratheekgowda54@gmail.com","timestamp":"2025-10-17T15:54:50.159Z"}
{"level":"info","message":"Email sent successfully via SMTP to newbuyer2024@demo.com","timestamp":"2025-10-17T15:55:03.987Z"}
{"level":"info","message":"Email sent successfully via SMTP to newbuyer2024@demo.com","timestamp":"2025-10-17T15:55:33.277Z"}
{"level":"info","message":"Email sent successfully via SMTP to pratheekgowda54@gmail.com","timestamp":"2025-10-17T15:57:02.826Z"}
{"level":"info","message":"Template loaded: invoice","timestamp":"2025-10-17T15:59:29.875Z"}
{"level":"info","message":"Template loaded: login_alert","timestamp":"2025-10-17T15:59:29.907Z"}
{"level":"info","message":"Template loaded: notification","timestamp":"2025-10-17T15:59:29.917Z"}
{"level":"info","message":"Template loaded: order_confirmation","timestamp":"2025-10-17T15:59:29.938Z"}
{"level":"info","message":"Template loaded: password_reset","timestamp":"2025-10-17T15:59:29.945Z"}
{"level":"info","message":"Template loaded: payout_notification","timestamp":"2025-10-17T15:59:29.957Z"}
{"level":"info","message":"Template loaded: product_stop","timestamp":"2025-10-17T15:59:29.968Z"}
{"level":"info","message":"Template loaded: sale_notification","timestamp":"2025-10-17T15:59:29.973Z"}
{"level":"info","message":"Template loaded: welcome","timestamp":"2025-10-17T15:59:29.976Z"}
{"level":"info","message":"Email sent successfully via SMTP to pratheekgowda54@gmail.com","timestamp":"2025-10-17T15:59:47.317Z"}
{"level":"info","message":"Template loaded: invoice","timestamp":"2025-10-17T16:17:49.730Z"}
{"level":"info","message":"Template loaded: login_alert","timestamp":"2025-10-17T16:17:49.748Z"}
{"level":"info","message":"Template loaded: notification","timestamp":"2025-10-17T16:17:49.757Z"}
{"level":"info","message":"Template loaded: order_confirmation","timestamp":"2025-10-17T16:17:49.785Z"}
{"level":"info","message":"Template loaded: password_reset","timestamp":"2025-10-17T16:17:49.812Z"}
{"level":"info","message":"Template loaded: payout_notification","timestamp":"2025-10-17T16:17:49.828Z"}
{"level":"info","message":"Template loaded: product_stop","timestamp":"2025-10-17T16:17:49.845Z"}
{"level":"info","message":"Template loaded: sale_notification","timestamp":"2025-10-17T16:17:49.853Z"}
{"level":"info","message":"Template loaded: welcome","timestamp":"2025-10-17T16:17:49.859Z"}
{"level":"info","message":"Email sent successfully via SMTP to pratheekgowda54@gmail.com","timestamp":"2025-10-17T16:18:07.724Z"}
{"level":"info","message":"Email sent successfully via SMTP to pratheekgowda53@gmail.com","timestamp":"2025-10-17T16:20:00.182Z"}
{"level":"info","message":"Template loaded: invoice","timestamp":"2025-10-17T16:26:52.580Z"}
{"level":"info","message":"Template loaded: login_alert","timestamp":"2025-10-17T16:26:52.593Z"}
{"level":"info","message":"Template loaded: notification","timestamp":"2025-10-17T16:26:52.603Z"}
{"level":"info","message":"Template loaded: order_confirmation","timestamp":"2025-10-17T16:26:52.628Z"}
{"level":"info","message":"Template loaded: password_reset","timestamp":"2025-10-17T16:26:52.636Z"}
{"level":"info","message":"Template loaded: payout_notification","timestamp":"2025-10-17T16:26:52.648Z"}
{"level":"info","message":"Template loaded: product_stop","timestamp":"2025-10-17T16:26:52.659Z"}
{"level":"info","message":"Template loaded: sale_notification","timestamp":"2025-10-17T16:26:52.664Z"}
{"level":"info","message":"Template loaded: welcome","timestamp":"2025-10-17T16:26:52.667Z"}
{"level":"info","message":"Email sent successfully via SMTP to pratheekgowda53@gmail.com","timestamp":"2025-10-17T16:27:35.840Z"}
{"level":"info","message":"Template loaded: invoice","timestamp":"2025-10-17T16:35:14.636Z"}
{"level":"info","message":"Template loaded: login_alert","timestamp":"2025-10-17T16:35:14.653Z"}
{"level":"info","message":"Template loaded: notification","timestamp":"2025-10-17T16:35:14.671Z"}
{"level":"info","message":"Template loaded: order_confirmation","timestamp":"2025-10-17T16:35:14.693Z"}
{"level":"info","message":"Template loaded: password_reset","timestamp":"2025-10-17T16:35:14.702Z"}
{"level":"info","message":"Template loaded: payout_notification","timestamp":"2025-10-17T16:35:14.712Z"}
{"level":"info","message":"Template loaded: product_stop","timestamp":"2025-10-17T16:35:14.732Z"}
{"level":"info","message":"Template loaded: sale_notification","timestamp":"2025-10-17T16:35:14.737Z"}
{"level":"info","message":"Template loaded: welcome","timestamp":"2025-10-17T16:35:14.740Z"}
{"level":"info","message":"Email sent successfully via SMTP to pratheekgowda53@gmail.com","timestamp":"2025-10-17T16:35:31.595Z"}
{"level":"info","message":"Template loaded: invoice","timestamp":"2025-10-17T16:38:17.852Z"}
{"level":"info","message":"Template loaded: login_alert","timestamp":"2025-10-17T16:38:17.876Z"}
{"level":"info","message":"Template loaded: notification","timestamp":"2025-10-17T16:38:17.913Z"}
{"level":"info","message":"Template loaded: order_confirmation","timestamp":"2025-10-17T16:38:17.945Z"}
{"level":"info","message":"Template loaded: password_reset","timestamp":"2025-10-17T16:38:17.956Z"}
{"level":"info","message":"Template loaded: payout_notification","timestamp":"2025-10-17T16:38:17.969Z"}
{"level":"info","message":"Template loaded: product_stop","timestamp":"2025-10-17T16:38:17.980Z"}
{"level":"info","message":"Template loaded: sale_notification","timestamp":"2025-10-17T16:38:17.985Z"}
{"level":"info","message":"Template loaded: welcome","timestamp":"2025-10-17T16:38:17.989Z"}
{"level":"info","message":"Template loaded: invoice","timestamp":"2025-10-17T16:38:52.115Z"}
{"level":"info","message":"Template loaded: login_alert","timestamp":"2025-10-17T16:38:52.129Z"}
{"level":"info","message":"Template loaded: notification","timestamp":"2025-10-17T16:38:52.138Z"}
{"level":"info","message":"Template loaded: order_confirmation","timestamp":"2025-10-17T16:38:52.164Z"}
{"level":"info","message":"Template loaded: password_reset","timestamp":"2025-10-17T16:38:52.171Z"}
{"level":"info","message":"Template loaded: payout_notification","timestamp":"2025-10-17T16:38:52.181Z"}
{"level":"info","message":"Template loaded: product_stop","timestamp":"2025-10-17T16:38:52.194Z"}
{"level":"info","message":"Template loaded: sale_notification","timestamp":"2025-10-17T16:38:52.208Z"}
{"level":"info","message":"Template loaded: welcome","timestamp":"2025-10-17T16:38:52.212Z"}
{"level":"info","message":"Template loaded: invoice","timestamp":"2025-10-17T16:39:29.545Z"}
{"level":"info","message":"Template loaded: login_alert","timestamp":"2025-10-17T16:39:29.563Z"}
{"level":"info","message":"Template loaded: notification","timestamp":"2025-10-17T16:39:29.577Z"}
{"level":"info","message":"Template loaded: order_confirmation","timestamp":"2025-10-17T16:39:29.597Z"}
{"level":"info","message":"Template loaded: password_reset","timestamp":"2025-10-17T16:39:29.607Z"}
{"level":"info","message":"Template loaded: payout_notification","timestamp":"2025-10-17T16:39:29.618Z"}
{"level":"info","message":"Template loaded: product_stop","timestamp":"2025-10-17T16:39:29.634Z"}
{"level":"info","message":"Template loaded: sale_notification","timestamp":"2025-10-17T16:39:29.641Z"}
{"level":"info","message":"Template loaded: welcome","timestamp":"2025-10-17T16:39:29.644Z"}
{"level":"info","message":"Email sent successfully via SMTP to pratheekgowda53@gmail.com","timestamp":"2025-10-17T16:39:49.846Z"}
{"level":"info","message":"Template loaded: invoice","timestamp":"2025-10-17T16:51:46.825Z"}
{"level":"info","message":"Template loaded: login_alert","timestamp":"2025-10-17T16:51:46.852Z"}
{"level":"info","message":"Template loaded: notification","timestamp":"2025-10-17T16:51:46.870Z"}
{"level":"info","message":"Template loaded: order_confirmation","timestamp":"2025-10-17T16:51:46.912Z"}
{"level":"info","message":"Template loaded: password_reset","timestamp":"2025-10-17T16:51:46.926Z"}
{"level":"info","message":"Template loaded: payout_notification","timestamp":"2025-10-17T16:51:46.939Z"}
{"level":"info","message":"Template loaded: product_stop","timestamp":"2025-10-17T16:51:46.951Z"}
{"level":"info","message":"Template loaded: sale_notification","timestamp":"2025-10-17T16:51:46.957Z"}
{"level":"info","message":"Template loaded: welcome","timestamp":"2025-10-17T16:51:46.961Z"}
{"level":"info","message":"Email sent successfully via SMTP to pratheekgowda53@gmail.com","timestamp":"2025-10-17T16:52:01.212Z"}
{"level":"info","message":"Template loaded: invoice","timestamp":"2025-10-17T16:59:17.664Z"}
{"level":"info","message":"Template loaded: login_alert","timestamp":"2025-10-17T16:59:17.684Z"}
{"level":"info","message":"Template loaded: notification","timestamp":"2025-10-17T16:59:17.696Z"}
{"level":"info","message":"Template loaded: order_confirmation","timestamp":"2025-10-17T16:59:17.717Z"}
{"level":"info","message":"Template loaded: password_reset","timestamp":"2025-10-17T16:59:17.723Z"}
{"level":"info","message":"Template loaded: payout_notification","timestamp":"2025-10-17T16:59:17.735Z"}
{"level":"info","message":"Template loaded: product_stop","timestamp":"2025-10-17T16:59:17.745Z"}
{"level":"info","message":"Template loaded: sale_notification","timestamp":"2025-10-17T16:59:17.750Z"}
{"level":"info","message":"Template loaded: welcome","timestamp":"2025-10-17T16:59:17.754Z"}
{"level":"info","message":"Email sent successfully via SMTP to pratheekgowda53@gmail.com","timestamp":"2025-10-17T16:59:32.923Z"}
{"level":"info","message":"Template loaded: invoice","timestamp":"2025-10-17T17:03:56.007Z"}
{"level":"info","message":"Template loaded: login_alert","timestamp":"2025-10-17T17:03:56.053Z"}
{"level":"info","message":"Template loaded: notification","timestamp":"2025-10-17T17:03:56.065Z"}
{"level":"info","message":"Template loaded: order_confirmation","timestamp":"2025-10-17T17:03:56.084Z"}
{"level":"info","message":"Template loaded: password_reset","timestamp":"2025-10-17T17:03:56.094Z"}
{"level":"info","message":"Template loaded: payout_notification","timestamp":"2025-10-17T17:03:56.108Z"}
{"level":"info","message":"Template loaded: product_stop","timestamp":"2025-10-17T17:03:56.124Z"}
{"level":"info","message":"Template loaded: sale_notification","timestamp":"2025-10-17T17:03:56.131Z"}
{"level":"info","message":"Template loaded: welcome","timestamp":"2025-10-17T17:03:56.135Z"}
{"level":"info","message":"Template loaded: invoice","timestamp":"2025-10-17T17:04:12.974Z"}
{"level":"info","message":"Template loaded: login_alert","timestamp":"2025-10-17T17:04:13.012Z"}
{"level":"info","message":"Template loaded: notification","timestamp":"2025-10-17T17:04:13.028Z"}
{"level":"info","message":"Template loaded: order_confirmation","timestamp":"2025-10-17T17:04:13.060Z"}
{"level":"info","message":"Template loaded: password_reset","timestamp":"2025-10-17T17:04:13.075Z"}
{"level":"info","message":"Template loaded: payout_notification","timestamp":"2025-10-17T17:04:13.097Z"}
{"level":"info","message":"Template loaded: product_stop","timestamp":"2025-10-17T17:04:13.111Z"}
{"level":"info","message":"Template loaded: sale_notification","timestamp":"2025-10-17T17:04:13.125Z"}
{"level":"info","message":"Template loaded: welcome","timestamp":"2025-10-17T17:04:13.134Z"}
{"level":"info","message":"Template loaded: invoice","timestamp":"2025-10-17T17:08:53.604Z"}
{"level":"info","message":"Template loaded: login_alert","timestamp":"2025-10-17T17:08:53.650Z"}
{"level":"info","message":"Template loaded: notification","timestamp":"2025-10-17T17:08:53.668Z"}
{"level":"info","message":"Template loaded: order_confirmation","timestamp":"2025-10-17T17:08:53.692Z"}
{"level":"info","message":"Template loaded: password_reset","timestamp":"2025-10-17T17:08:53.700Z"}
{"level":"info","message":"Template loaded: payout_notification","timestamp":"2025-10-17T17:08:53.710Z"}
{"level":"info","message":"Template loaded: product_stop","timestamp":"2025-10-17T17:08:53.723Z"}
{"level":"info","message":"Template loaded: sale_notification","timestamp":"2025-10-17T17:08:53.728Z"}
{"level":"info","message":"Template loaded: welcome","timestamp":"2025-10-17T17:08:53.732Z"}
{"level":"info","message":"Template loaded: invoice","timestamp":"2025-10-17T17:10:46.506Z"}
{"level":"info","message":"Template loaded: login_alert","timestamp":"2025-10-17T17:10:46.531Z"}
{"level":"info","message":"Template loaded: notification","timestamp":"2025-10-17T17:10:46.539Z"}
{"level":"info","message":"Template loaded: order_confirmation","timestamp":"2025-10-17T17:10:46.561Z"}
{"level":"info","message":"Template loaded: password_reset","timestamp":"2025-10-17T17:10:46.578Z"}
{"level":"info","message":"Template loaded: payout_notification","timestamp":"2025-10-17T17:10:46.596Z"}
{"level":"info","message":"Template loaded: product_stop","timestamp":"2025-10-17T17:10:46.611Z"}
{"level":"info","message":"Template loaded: sale_notification","timestamp":"2025-10-17T17:10:46.618Z"}
{"level":"info","message":"Template loaded: welcome","timestamp":"2025-10-17T17:10:46.624Z"}
{"level":"info","message":"Email sent successfully via SMTP to pratheekgowda53@gmail.com","timestamp":"2025-10-17T17:11:01.541Z"}
{"level":"info","message":"Template loaded: invoice","timestamp":"2025-10-17T17:26:19.676Z"}
{"level":"info","message":"Template loaded: login_alert","timestamp":"2025-10-17T17:26:19.698Z"}
{"level":"info","message":"Template loaded: notification","timestamp":"2025-10-17T17:26:19.708Z"}
{"level":"info","message":"Template loaded: order_confirmation","timestamp":"2025-10-17T17:26:19.736Z"}
{"level":"info","message":"Template loaded: password_reset","timestamp":"2025-10-17T17:26:19.760Z"}
{"level":"info","message":"Template loaded: payout_notification","timestamp":"2025-10-17T17:26:19.779Z"}
{"level":"info","message":"Template loaded: product_stop","timestamp":"2025-10-17T17:26:19.794Z"}
{"level":"info","message":"Template loaded: sale_notification","timestamp":"2025-10-17T17:26:19.800Z"}
{"level":"info","message":"Template loaded: welcome","timestamp":"2025-10-17T17:26:19.803Z"}
{"level":"info","message":"Email sent successfully via SMTP to pratheekgowda53@gmail.com","timestamp":"2025-10-17T17:26:35.017Z"}
{"level":"info","message":"Template loaded: invoice","timestamp":"2025-10-18T03:28:45.188Z"}
{"level":"info","message":"Template loaded: login_alert","timestamp":"2025-10-18T03:28:45.202Z"}
{"level":"info","message":"Template loaded: notification","timestamp":"2025-10-18T03:28:45.214Z"}
{"level":"info","message":"Template loaded: order_confirmation","timestamp":"2025-10-18T03:28:45.240Z"}
{"level":"info","message":"Template loaded: password_reset","timestamp":"2025-10-18T03:28:45.247Z"}
{"level":"info","message":"Template loaded: payout_notification","timestamp":"2025-10-18T03:28:45.259Z"}
{"level":"info","message":"Template loaded: product_stop","timestamp":"2025-10-18T03:28:45.271Z"}
{"level":"info","message":"Template loaded: sale_notification","timestamp":"2025-10-18T03:28:45.277Z"}
{"level":"info","message":"Template loaded: welcome","timestamp":"2025-10-18T03:28:45.281Z"}
{"code":"ESOCKET","command":"CONN","errno":-4077,"level":"error","message":"SMTP error: read ECONNRESET","stack":"Error: read ECONNRESET\n    at TLSWrap.onStreamRead (node:internal/stream_base_commons:216:20)","syscall":"read","timestamp":"2025-10-18T03:29:06.772Z"}
{"level":"warn","message":"SMTP failed, trying SendGrid fallback:","timestamp":"2025-10-18T03:29:06.773Z"}
{"level":"error","message":"SMTP failed and SendGrid not configured:","timestamp":"2025-10-18T03:29:06.773Z"}
{"code":"ESOCKET","command":"CONN","errno":-4077,"level":"error","message":"Failed to send email to pratheekgowda53@gmail.com: read ECONNRESET","stack":"Error: read ECONNRESET\n    at TLSWrap.onStreamRead (node:internal/stream_base_commons:216:20)","syscall":"read","timestamp":"2025-10-18T03:29:06.789Z"}
{"level":"info","message":"Template loaded: invoice","timestamp":"2025-10-18T03:31:05.184Z"}
{"level":"info","message":"Template loaded: login_alert","timestamp":"2025-10-18T03:31:05.205Z"}
{"level":"info","message":"Template loaded: notification","timestamp":"2025-10-18T03:31:05.215Z"}
{"level":"info","message":"Template loaded: order_confirmation","timestamp":"2025-10-18T03:31:05.235Z"}
{"level":"info","message":"Template loaded: password_reset","timestamp":"2025-10-18T03:31:05.241Z"}
{"level":"info","message":"Template loaded: payout_notification","timestamp":"2025-10-18T03:31:05.252Z"}
{"level":"info","message":"Template loaded: product_stop","timestamp":"2025-10-18T03:31:05.263Z"}
{"level":"info","message":"Template loaded: sale_notification","timestamp":"2025-10-18T03:31:05.268Z"}
{"level":"info","message":"Template loaded: welcome","timestamp":"2025-10-18T03:31:05.271Z"}
{"level":"info","message":"Email sent successfully via SMTP to pratheekgowda53@gmail.com","timestamp":"2025-10-18T03:31:27.826Z"}
{"level":"info","message":"Email sent successfully via SMTP to rajesh.farmer@agriglow.com","timestamp":"2025-10-18T03:41:08.828Z"}
{"level":"info","message":"Template loaded: invoice","timestamp":"2025-10-18T03:50:15.574Z"}
{"level":"info","message":"Template loaded: login_alert","timestamp":"2025-10-18T03:50:15.586Z"}
{"level":"info","message":"Template loaded: notification","timestamp":"2025-10-18T03:50:15.597Z"}
{"level":"info","message":"Template loaded: order_confirmation","timestamp":"2025-10-18T03:50:15.624Z"}
{"level":"info","message":"Template loaded: password_reset","timestamp":"2025-10-18T03:50:15.639Z"}
{"level":"info","message":"Template loaded: payout_notification","timestamp":"2025-10-18T03:50:15.650Z"}
{"level":"info","message":"Template loaded: product_stop","timestamp":"2025-10-18T03:50:15.662Z"}
{"level":"info","message":"Template loaded: sale_notification","timestamp":"2025-10-18T03:50:15.668Z"}
{"level":"info","message":"Template loaded: welcome","timestamp":"2025-10-18T03:50:15.672Z"}
{"level":"info","message":"Email sent successfully via SMTP to pratheekgowda53@gmail.com","timestamp":"2025-10-18T03:51:57.688Z"}
{"level":"info","message":"Template loaded: invoice","timestamp":"2025-10-18T04:56:01.331Z"}
{"level":"info","message":"Template loaded: login_alert","timestamp":"2025-10-18T04:56:01.409Z"}
{"level":"info","message":"Template loaded: notification","timestamp":"2025-10-18T04:56:01.449Z"}
{"level":"info","message":"Template loaded: order_confirmation","timestamp":"2025-10-18T04:56:01.510Z"}
{"level":"info","message":"Template loaded: password_reset","timestamp":"2025-10-18T04:56:01.526Z"}
{"level":"info","message":"Template loaded: payout_notification","timestamp":"2025-10-18T04:56:01.545Z"}
{"level":"info","message":"Template loaded: product_stop","timestamp":"2025-10-18T04:56:01.563Z"}
{"level":"info","message":"Template loaded: sale_notification","timestamp":"2025-10-18T04:56:01.573Z"}
{"level":"info","message":"Template loaded: welcome","timestamp":"2025-10-18T04:56:01.578Z"}
{"level":"info","message":"Template loaded: invoice","timestamp":"2025-10-18T05:22:10.298Z"}
{"level":"info","message":"Template loaded: login_alert","timestamp":"2025-10-18T05:22:10.327Z"}
{"level":"info","message":"Template loaded: notification","timestamp":"2025-10-18T05:22:10.356Z"}
{"level":"info","message":"Template loaded: order_confirmation","timestamp":"2025-10-18T05:22:10.404Z"}
{"level":"info","message":"Template loaded: password_reset","timestamp":"2025-10-18T05:22:10.415Z"}
{"level":"info","message":"Template loaded: payout_notification","timestamp":"2025-10-18T05:22:10.431Z"}
{"level":"info","message":"Template loaded: product_stop","timestamp":"2025-10-18T05:22:10.447Z"}
{"level":"info","message":"Template loaded: sale_notification","timestamp":"2025-10-18T05:22:10.455Z"}
{"level":"info","message":"Template loaded: welcome","timestamp":"2025-10-18T05:22:10.459Z"}
{"level":"info","message":"Email sent successfully via SMTP to pratheekgowda53@gmail.com","timestamp":"2025-10-18T05:22:39.259Z"}
{"level":"info","message":"Email sent successfully via SMTP to admin@agriglow.com","timestamp":"2025-10-18T05:26:17.749Z"}
{"level":"info","message":"Template loaded: invoice","timestamp":"2025-10-18T05:34:47.213Z"}
{"level":"info","message":"Template loaded: login_alert","timestamp":"2025-10-18T05:34:47.228Z"}
{"level":"info","message":"Template loaded: notification","timestamp":"2025-10-18T05:34:47.243Z"}
{"level":"info","message":"Template loaded: order_confirmation","timestamp":"2025-10-18T05:34:47.273Z"}
{"level":"info","message":"Template loaded: password_reset","timestamp":"2025-10-18T05:34:47.280Z"}
{"level":"info","message":"Template loaded: payout_notification","timestamp":"2025-10-18T05:34:47.292Z"}
{"level":"info","message":"Template loaded: product_stop","timestamp":"2025-10-18T05:34:47.303Z"}
{"level":"info","message":"Template loaded: sale_notification","timestamp":"2025-10-18T05:34:47.310Z"}
{"level":"info","message":"Template loaded: welcome","timestamp":"2025-10-18T05:34:47.313Z"}
{"level":"info","message":"Email sent successfully via SMTP to admin@agriglow.com","timestamp":"2025-10-18T05:36:58.885Z"}
{"level":"info","message":"Email sent successfully via SMTP to admin@agriglow.com","timestamp":"2025-10-18T05:42:17.148Z"}
{"level":"info","message":"Email sent successfully via SMTP to admin@agriglow.com","timestamp":"2025-10-18T05:43:14.181Z"}
{"level":"info","message":"Email sent successfully via SMTP to admin@agriglow.com","timestamp":"2025-10-18T05:46:52.364Z"}
{"level":"info","message":"Email sent successfully via SMTP to admin@agriglow.com","timestamp":"2025-10-18T05:48:19.138Z"}
{"level":"info","message":"Email sent successfully via SMTP to admin@agriglow.com","timestamp":"2025-10-18T05:58:42.957Z"}
{"level":"info","message":"Template loaded: invoice","timestamp":"2025-10-18T06:23:08.512Z"}
{"level":"info","message":"Template loaded: login_alert","timestamp":"2025-10-18T06:23:08.531Z"}
{"level":"info","message":"Template loaded: notification","timestamp":"2025-10-18T06:23:08.559Z"}
{"level":"info","message":"Template loaded: order_confirmation","timestamp":"2025-10-18T06:23:08.601Z"}
{"level":"info","message":"Template loaded: password_reset","timestamp":"2025-10-18T06:23:08.612Z"}
{"level":"info","message":"Template loaded: payout_notification","timestamp":"2025-10-18T06:23:08.629Z"}
{"level":"info","message":"Template loaded: product_stop","timestamp":"2025-10-18T06:23:08.651Z"}
{"level":"info","message":"Template loaded: sale_notification","timestamp":"2025-10-18T06:23:08.661Z"}
{"level":"info","message":"Template loaded: welcome","timestamp":"2025-10-18T06:23:08.665Z"}
{"level":"info","message":"Template loaded: invoice","timestamp":"2025-10-18T06:24:43.245Z"}
{"level":"info","message":"Template loaded: login_alert","timestamp":"2025-10-18T06:24:43.282Z"}
{"level":"info","message":"Template loaded: notification","timestamp":"2025-10-18T06:24:43.301Z"}
{"level":"info","message":"Template loaded: order_confirmation","timestamp":"2025-10-18T06:24:43.348Z"}
{"level":"info","message":"Template loaded: password_reset","timestamp":"2025-10-18T06:24:43.367Z"}
{"level":"info","message":"Template loaded: payout_notification","timestamp":"2025-10-18T06:24:43.389Z"}
{"level":"info","message":"Template loaded: product_stop","timestamp":"2025-10-18T06:24:43.416Z"}
{"level":"info","message":"Template loaded: sale_notification","timestamp":"2025-10-18T06:24:43.430Z"}
{"level":"info","message":"Template loaded: welcome","timestamp":"2025-10-18T06:24:43.436Z"}
{"level":"info","message":"Template loaded: invoice","timestamp":"2025-10-18T06:27:11.401Z"}
{"level":"info","message":"Template loaded: login_alert","timestamp":"2025-10-18T06:27:11.443Z"}
{"level":"info","message":"Template loaded: notification","timestamp":"2025-10-18T06:27:11.466Z"}
{"level":"info","message":"Template loaded: order_confirmation","timestamp":"2025-10-18T06:27:11.532Z"}
{"level":"info","message":"Template loaded: password_reset","timestamp":"2025-10-18T06:27:11.550Z"}
{"level":"info","message":"Template loaded: payout_notification","timestamp":"2025-10-18T06:27:11.577Z"}
{"level":"info","message":"Template loaded: product_stop","timestamp":"2025-10-18T06:27:11.602Z"}
{"level":"info","message":"Template loaded: sale_notification","timestamp":"2025-10-18T06:27:11.612Z"}
{"level":"info","message":"Template loaded: welcome","timestamp":"2025-10-18T06:27:11.618Z"}
{"level":"info","message":"Email sent successfully via SMTP to sweejithgowda@gmail.com","timestamp":"2025-10-18T06:28:33.791Z"}
{"level":"info","message":"Email sent successfully via SMTP to sweejithgowda@gmail.com","timestamp":"2025-10-18T06:30:07.083Z"}
{"level":"info","message":"Template loaded: invoice","timestamp":"2025-10-18T06:39:32.676Z"}
{"level":"info","message":"Template loaded: login_alert","timestamp":"2025-10-18T06:39:32.728Z"}
{"level":"info","message":"Template loaded: notification","timestamp":"2025-10-18T06:39:32.749Z"}
{"level":"info","message":"Template loaded: order_confirmation","timestamp":"2025-10-18T06:39:32.788Z"}
{"level":"info","message":"Template loaded: password_reset","timestamp":"2025-10-18T06:39:32.809Z"}
{"level":"info","message":"Template loaded: payout_notification","timestamp":"2025-10-18T06:39:32.831Z"}
{"level":"info","message":"Template loaded: product_stop","timestamp":"2025-10-18T06:39:32.857Z"}
{"level":"info","message":"Template loaded: sale_notification","timestamp":"2025-10-18T06:39:32.864Z"}
{"level":"info","message":"Template loaded: welcome","timestamp":"2025-10-18T06:39:32.871Z"}
{"level":"info","message":"Email sent successfully via SMTP to debug@farmer.com","timestamp":"2025-10-18T06:46:51.071Z"}
{"level":"info","message":"Email sent successfully via SMTP to debug@farmer.com","timestamp":"2025-10-18T06:47:19.936Z"}
{"level":"info","message":"Template loaded: invoice","timestamp":"2025-10-18T15:30:00.651Z"}
{"level":"info","message":"Template loaded: login_alert","timestamp":"2025-10-18T15:30:00.674Z"}
{"level":"info","message":"Template loaded: notification","timestamp":"2025-10-18T15:30:00.692Z"}
{"level":"info","message":"Template loaded: order_confirmation","timestamp":"2025-10-18T15:30:00.723Z"}
{"level":"info","message":"Template loaded: password_reset","timestamp":"2025-10-18T15:30:00.734Z"}
{"level":"info","message":"Template loaded: payout_notification","timestamp":"2025-10-18T15:30:00.753Z"}
{"level":"info","message":"Template loaded: product_stop","timestamp":"2025-10-18T15:30:00.771Z"}
{"level":"info","message":"Template loaded: sale_notification","timestamp":"2025-10-18T15:30:00.780Z"}
{"level":"info","message":"Template loaded: welcome","timestamp":"2025-10-18T15:30:00.785Z"}
{"level":"info","message":"Email sent successfully via SMTP to pratheekgowda53@gmail.com","timestamp":"2025-10-18T15:30:31.708Z"}
{"level":"info","message":"Template loaded: invoice","timestamp":"2025-10-18T15:32:42.631Z"}
{"level":"info","message":"Template loaded: login_alert","timestamp":"2025-10-18T15:32:42.659Z"}
{"level":"info","message":"Template loaded: notification","timestamp":"2025-10-18T15:32:42.682Z"}
{"level":"info","message":"Template loaded: order_confirmation","timestamp":"2025-10-18T15:32:42.726Z"}
{"level":"info","message":"Template loaded: password_reset","timestamp":"2025-10-18T15:32:42.740Z"}
{"level":"info","message":"Template loaded: payout_notification","timestamp":"2025-10-18T15:32:42.763Z"}
{"level":"info","message":"Template loaded: product_stop","timestamp":"2025-10-18T15:32:42.785Z"}
{"level":"info","message":"Template loaded: sale_notification","timestamp":"2025-10-18T15:32:42.795Z"}
{"level":"info","message":"Template loaded: welcome","timestamp":"2025-10-18T15:32:42.800Z"}
{"level":"info","message":"Email sent successfully via SMTP to pratheekgowda53@gmail.com","timestamp":"2025-10-18T15:36:20.914Z"}
{"level":"info","message":"Email sent successfully via SMTP to pratheekgowda53@gmail.com","timestamp":"2025-10-18T15:36:24.958Z"}
{"level":"info","message":"Template loaded: invoice","timestamp":"2025-10-22T05:57:28.073Z"}
{"level":"info","message":"Template loaded: login_alert","timestamp":"2025-10-22T05:57:28.088Z"}
{"level":"info","message":"Template loaded: notification","timestamp":"2025-10-22T05:57:28.099Z"}
{"level":"info","message":"Template loaded: order_confirmation","timestamp":"2025-10-22T05:57:28.127Z"}
{"level":"info","message":"Template loaded: password_reset","timestamp":"2025-10-22T05:57:28.134Z"}
{"level":"info","message":"Template loaded: payout_notification","timestamp":"2025-10-22T05:57:28.147Z"}
{"level":"info","message":"Template loaded: product_stop","timestamp":"2025-10-22T05:57:28.160Z"}
{"level":"info","message":"Template loaded: sale_notification","timestamp":"2025-10-22T05:57:28.166Z"}
{"level":"info","message":"Template loaded: welcome","timestamp":"2025-10-22T05:57:28.171Z"}
{"level":"info","message":"Template loaded: invoice","timestamp":"2025-10-22T05:59:22.721Z"}
{"level":"info","message":"Template loaded: login_alert","timestamp":"2025-10-22T05:59:22.734Z"}
{"level":"info","message":"Template loaded: notification","timestamp":"2025-10-22T05:59:22.749Z"}
{"level":"info","message":"Template loaded: order_confirmation","timestamp":"2025-10-22T05:59:22.785Z"}
{"level":"info","message":"Template loaded: password_reset","timestamp":"2025-10-22T05:59:22.795Z"}
{"level":"info","message":"Template loaded: payout_notification","timestamp":"2025-10-22T05:59:22.806Z"}
{"level":"info","message":"Template loaded: product_stop","timestamp":"2025-10-22T05:59:22.820Z"}
{"level":"info","message":"Template loaded: sale_notification","timestamp":"2025-10-22T05:59:22.827Z"}
{"level":"info","message":"Template loaded: welcome","timestamp":"2025-10-22T05:59:22.830Z"}
{"level":"info","message":"Template loaded: invoice","timestamp":"2025-10-22T06:00:39.807Z"}
{"level":"info","message":"Template loaded: login_alert","timestamp":"2025-10-22T06:00:39.820Z"}
{"level":"info","message":"Template loaded: notification","timestamp":"2025-10-22T06:00:39.830Z"}
{"level":"info","message":"Template loaded: order_confirmation","timestamp":"2025-10-22T06:00:39.851Z"}
{"level":"info","message":"Template loaded: password_reset","timestamp":"2025-10-22T06:00:39.863Z"}
{"level":"info","message":"Template loaded: payout_notification","timestamp":"2025-10-22T06:00:39.879Z"}
{"level":"info","message":"Template loaded: product_stop","timestamp":"2025-10-22T06:00:39.892Z"}
{"level":"info","message":"Template loaded: sale_notification","timestamp":"2025-10-22T06:00:39.897Z"}
{"level":"info","message":"Template loaded: welcome","timestamp":"2025-10-22T06:00:39.900Z"}
{"level":"info","message":"Email sent successfully via SMTP to pratheekgowda53@gmail.com","timestamp":"2025-10-22T06:04:23.998Z"}
{"level":"info","message":"Email sent successfully via SMTP to pratheekgowda53@gmail.com","timestamp":"2025-10-22T06:07:23.375Z"}
{"level":"info","message":"Email sent successfully via SMTP to sweejithgowda@gmail.com","timestamp":"2025-10-22T06:09:34.359Z"}
{"level":"info","message":"Email sent successfully via SMTP to tarun@gmail.com","timestamp":"2025-10-22T06:13:04.125Z"}
{"level":"info","message":"Email sent successfully via SMTP to tarun@gmail.com","timestamp":"2025-10-22T06:13:53.243Z"}
{"level":"info","message":"Email sent successfully via SMTP to tarun@gmail.com","timestamp":"2025-10-22T06:24:29.886Z"}
{"level":"info","message":"Template loaded: invoice","timestamp":"2025-10-22T06:36:31.088Z"}
{"level":"info","message":"Template loaded: login_alert","timestamp":"2025-10-22T06:36:31.102Z"}
{"level":"info","message":"Template loaded: notification","timestamp":"2025-10-22T06:36:31.109Z"}
{"level":"info","message":"Template loaded: order_confirmation","timestamp":"2025-10-22T06:36:31.129Z"}
{"level":"info","message":"Template loaded: password_reset","timestamp":"2025-10-22T06:36:31.147Z"}
{"level":"info","message":"Template loaded: payout_notification","timestamp":"2025-10-22T06:36:31.157Z"}
{"level":"info","message":"Template loaded: product_stop","timestamp":"2025-10-22T06:36:31.167Z"}
{"level":"info","message":"Template loaded: sale_notification","timestamp":"2025-10-22T06:36:31.173Z"}
{"level":"info","message":"Template loaded: welcome","timestamp":"2025-10-22T06:36:31.176Z"}
{"level":"info","message":"Email sent successfully via SMTP to tarun@gmail.com","timestamp":"2025-10-22T06:36:50.362Z"}
{"level":"info","message":"Template loaded: invoice","timestamp":"2025-10-22T07:27:12.677Z"}
{"level":"info","message":"Template loaded: login_alert","timestamp":"2025-10-22T07:27:12.693Z"}
{"level":"info","message":"Template loaded: notification","timestamp":"2025-10-22T07:27:12.714Z"}
{"level":"info","message":"Template loaded: order_confirmation","timestamp":"2025-10-22T07:27:12.737Z"}
{"level":"info","message":"Template loaded: password_reset","timestamp":"2025-10-22T07:27:12.744Z"}
{"level":"info","message":"Template loaded: payout_notification","timestamp":"2025-10-22T07:27:12.755Z"}
{"level":"info","message":"Template loaded: product_stop","timestamp":"2025-10-22T07:27:12.766Z"}
{"level":"info","message":"Template loaded: sale_notification","timestamp":"2025-10-22T07:27:12.772Z"}
{"level":"info","message":"Template loaded: welcome","timestamp":"2025-10-22T07:27:12.776Z"}
{"level":"info","message":"Email sent successfully via SMTP to sweejithgowda@gmail.com","timestamp":"2025-10-22T07:27:47.990Z"}
{"level":"info","message":"Template loaded: invoice","timestamp":"2025-10-22T08:26:15.991Z"}
{"level":"info","message":"Template loaded: login_alert","timestamp":"2025-10-22T08:26:16.014Z"}
{"level":"info","message":"Template loaded: notification","timestamp":"2025-10-22T08:26:16.036Z"}
{"level":"info","message":"Template loaded: order_confirmation","timestamp":"2025-10-22T08:26:16.067Z"}
{"level":"info","message":"Template loaded: password_reset","timestamp":"2025-10-22T08:26:16.076Z"}
{"level":"info","message":"Template loaded: payout_notification","timestamp":"2025-10-22T08:26:16.106Z"}
{"level":"info","message":"Template loaded: product_stop","timestamp":"2025-10-22T08:26:16.124Z"}
{"level":"info","message":"Template loaded: sale_notification","timestamp":"2025-10-22T08:26:16.133Z"}
{"level":"info","message":"Template loaded: welcome","timestamp":"2025-10-22T08:26:16.138Z"}
{"level":"error","message":"SMTP error: Unexpected socket close","stack":"Error: Unexpected socket close\n    at Timeout._onTimeout (C:\\Users\\user\\OneDrive\\Desktop\\DIGITISE\\node_modules\\nodemailer\\lib\\smtp-transport\\index.js:190:31)\n    at listOnTimeout (node:internal/timers:588:17)\n    at process.processTimers (node:internal/timers:523:7)","timestamp":"2025-10-22T08:27:11.650Z"}
{"level":"warn","message":"SMTP failed, trying SendGrid fallback:","timestamp":"2025-10-22T08:27:11.651Z"}
{"level":"error","message":"SMTP failed and SendGrid not configured:","timestamp":"2025-10-22T08:27:11.651Z"}
{"level":"error","message":"Failed to send email to sweejithgowda@gmail.com: Unexpected socket close","stack":"Error: Unexpected socket close\n    at Timeout._onTimeout (C:\\Users\\user\\OneDrive\\Desktop\\DIGITISE\\node_modules\\nodemailer\\lib\\smtp-transport\\index.js:190:31)\n    at listOnTimeout (node:internal/timers:588:17)\n    at process.processTimers (node:internal/timers:523:7)","timestamp":"2025-10-22T08:27:11.690Z"}
{"level":"info","message":"Template loaded: invoice","timestamp":"2025-10-22T09:23:34.176Z"}
{"level":"info","message":"Template loaded: login_alert","timestamp":"2025-10-22T09:23:34.224Z"}
{"level":"info","message":"Template loaded: notification","timestamp":"2025-10-22T09:23:34.256Z"}
{"level":"info","message":"Template loaded: order_confirmation","timestamp":"2025-10-22T09:23:34.297Z"}
{"level":"info","message":"Template loaded: password_reset","timestamp":"2025-10-22T09:23:34.323Z"}
{"level":"info","message":"Template loaded: payout_notification","timestamp":"2025-10-22T09:23:34.355Z"}
{"level":"info","message":"Template loaded: product_stop","timestamp":"2025-10-22T09:23:34.379Z"}
{"level":"info","message":"Template loaded: sale_notification","timestamp":"2025-10-22T09:23:34.391Z"}
{"level":"info","message":"Template loaded: welcome","timestamp":"2025-10-22T09:23:34.400Z"}
{"level":"info","message":"Email sent successfully via SMTP to sweejithgowda@gmail.com","timestamp":"2025-10-22T09:23:59.142Z"}
{"level":"info","message":"Template loaded: invoice","timestamp":"2025-10-22T09:32:29.438Z"}
{"level":"info","message":"Template loaded: login_alert","timestamp":"2025-10-22T09:32:29.474Z"}
{"level":"info","message":"Template loaded: notification","timestamp":"2025-10-22T09:32:29.498Z"}
{"level":"info","message":"Template loaded: order_confirmation","timestamp":"2025-10-22T09:32:29.543Z"}
{"level":"info","message":"Template loaded: password_reset","timestamp":"2025-10-22T09:32:29.594Z"}
{"level":"info","message":"Template loaded: payout_notification","timestamp":"2025-10-22T09:32:29.632Z"}
{"level":"info","message":"Template loaded: product_stop","timestamp":"2025-10-22T09:32:29.665Z"}
{"level":"info","message":"Template loaded: sale_notification","timestamp":"2025-10-22T09:32:29.675Z"}
{"level":"info","message":"Template loaded: welcome","timestamp":"2025-10-22T09:32:29.682Z"}
{"level":"info","message":"Email sent successfully via SMTP to sweejithgowda@gmail.com","timestamp":"2025-10-22T09:32:53.966Z"}
{"level":"info","message":"Template loaded: invoice","timestamp":"2025-10-22T09:56:52.739Z"}
{"level":"info","message":"Template loaded: login_alert","timestamp":"2025-10-22T09:56:52.768Z"}
{"level":"info","message":"Template loaded: notification","timestamp":"2025-10-22T09:56:52.791Z"}
{"level":"info","message":"Template loaded: order_confirmation","timestamp":"2025-10-22T09:56:52.844Z"}
{"level":"info","message":"Template loaded: password_reset","timestamp":"2025-10-22T09:56:52.854Z"}
{"level":"info","message":"Template loaded: payout_notification","timestamp":"2025-10-22T09:56:52.868Z"}
{"level":"info","message":"Template loaded: product_stop","timestamp":"2025-10-22T09:56:52.881Z"}
{"level":"info","message":"Template loaded: sale_notification","timestamp":"2025-10-22T09:56:52.888Z"}
{"level":"info","message":"Template loaded: welcome","timestamp":"2025-10-22T09:56:52.893Z"}
{"level":"info","message":"Email sent successfully via SMTP to sweejithgowda@gmail.com","timestamp":"2025-10-22T09:57:12.873Z"}
{"level":"info","message":"Template loaded: invoice","timestamp":"2025-10-23T01:08:53.556Z"}
{"level":"info","message":"Template loaded: login_alert","timestamp":"2025-10-23T01:08:53.585Z"}
{"level":"info","message":"Template loaded: notification","timestamp":"2025-10-23T01:08:53.600Z"}
{"level":"info","message":"Template loaded: order_confirmation","timestamp":"2025-10-23T01:08:53.621Z"}
{"level":"info","message":"Template loaded: password_reset","timestamp":"2025-10-23T01:08:53.628Z"}
{"level":"info","message":"Template loaded: payout_notification","timestamp":"2025-10-23T01:08:53.641Z"}
{"level":"info","message":"Template loaded: product_stop","timestamp":"2025-10-23T01:08:53.653Z"}
{"level":"info","message":"Template loaded: sale_notification","timestamp":"2025-10-23T01:08:53.661Z"}
{"level":"info","message":"Template loaded: welcome","timestamp":"2025-10-23T01:08:53.667Z"}
{"level":"info","message":"Email sent successfully via SMTP to sweejithgowd@gmail.com","timestamp":"2025-10-23T01:10:13.937Z"}
{"level":"info","message":"Template loaded: invoice","timestamp":"2025-10-23T01:40:27.156Z"}
{"level":"info","message":"Template loaded: login_alert","timestamp":"2025-10-23T01:40:27.186Z"}
{"level":"info","message":"Template loaded: notification","timestamp":"2025-10-23T01:40:27.205Z"}
{"level":"info","message":"Template loaded: order_confirmation","timestamp":"2025-10-23T01:40:27.225Z"}
{"level":"info","message":"Template loaded: password_reset","timestamp":"2025-10-23T01:40:27.232Z"}
{"level":"info","message":"Template loaded: payout_notification","timestamp":"2025-10-23T01:40:27.243Z"}
{"level":"info","message":"Template loaded: product_stop","timestamp":"2025-10-23T01:40:27.257Z"}
{"level":"info","message":"Template loaded: sale_notification","timestamp":"2025-10-23T01:40:27.263Z"}
{"level":"info","message":"Template loaded: welcome","timestamp":"2025-10-23T01:40:27.269Z"}
{"level":"error","message":"SMTP error: Unexpected socket close","stack":"Error: Unexpected socket close\n    at Timeout._onTimeout (C:\\Users\\user\\OneDrive\\Desktop\\DIGITISE\\node_modules\\nodemailer\\lib\\smtp-transport\\index.js:190:31)\n    at listOnTimeout (node:internal/timers:588:17)\n    at process.processTimers (node:internal/timers:523:7)","timestamp":"2025-10-23T01:45:31.392Z"}
{"level":"warn","message":"SMTP failed, trying SendGrid fallback:","timestamp":"2025-10-23T01:45:31.392Z"}
{"level":"error","message":"SMTP failed and SendGrid not configured:","timestamp":"2025-10-23T01:45:31.392Z"}
{"level":"error","message":"Failed to send email to sweejithgowd@gmail.com: Unexpected socket close","stack":"Error: Unexpected socket close\n    at Timeout._onTimeout (C:\\Users\\user\\OneDrive\\Desktop\\DIGITISE\\node_modules\\nodemailer\\lib\\smtp-transport\\index.js:190:31)\n    at listOnTimeout (node:internal/timers:588:17)\n    at process.processTimers (node:internal/timers:523:7)","timestamp":"2025-10-23T01:45:31.409Z"}
{"level":"info","message":"Email sent successfully via SMTP to sweejithgowd@gmail.com","timestamp":"2025-10-23T01:46:59.492Z"}
{"level":"info","message":"Template loaded: invoice","timestamp":"2025-10-24T14:51:50.984Z"}
{"level":"info","message":"Template loaded: login_alert","timestamp":"2025-10-24T14:51:51.005Z"}
{"level":"info","message":"Template loaded: notification","timestamp":"2025-10-24T14:51:51.032Z"}
{"level":"info","message":"Template loaded: order_confirmation","timestamp":"2025-10-24T14:51:51.067Z"}
{"level":"info","message":"Template loaded: password_reset","timestamp":"2025-10-24T14:51:51.083Z"}
{"level":"info","message":"Template loaded: payout_notification","timestamp":"2025-10-24T14:51:51.115Z"}
{"level":"info","message":"Template loaded: product_stop","timestamp":"2025-10-24T14:51:51.133Z"}
{"level":"info","message":"Template loaded: sale_notification","timestamp":"2025-10-24T14:51:51.143Z"}
{"level":"info","message":"Template loaded: welcome","timestamp":"2025-10-24T14:51:51.148Z"}
{"level":"info","message":"Email sent successfully via SMTP to sweejithgowd@gmail.com","timestamp":"2025-10-24T14:52:47.457Z"}
{"level":"info","message":"Email sent successfully via SMTP to sweejithgowd@gmail.com","timestamp":"2025-10-24T15:02:22.555Z"}
{"level":"info","message":"Template loaded: invoice","timestamp":"2025-10-24T15:03:48.489Z"}
{"level":"info","message":"Template loaded: login_alert","timestamp":"2025-10-24T15:03:48.529Z"}
{"level":"info","message":"Template loaded: notification","timestamp":"2025-10-24T15:03:48.557Z"}
{"level":"info","message":"Template loaded: order_confirmation","timestamp":"2025-10-24T15:03:48.616Z"}
{"level":"info","message":"Template loaded: password_reset","timestamp":"2025-10-24T15:03:48.638Z"}
{"level":"info","message":"Template loaded: payout_notification","timestamp":"2025-10-24T15:03:48.672Z"}
{"level":"info","message":"Template loaded: product_stop","timestamp":"2025-10-24T15:03:48.706Z"}
{"level":"info","message":"Template loaded: sale_notification","timestamp":"2025-10-24T15:03:48.724Z"}
{"level":"info","message":"Template loaded: welcome","timestamp":"2025-10-24T15:03:48.738Z"}
{"level":"info","message":"Email sent successfully via SMTP to tarun@gmail.com","timestamp":"2025-10-24T15:04:39.964Z"}
{"level":"info","message":"Email sent successfully via SMTP to pratheekgowda53@gmail.com","timestamp":"2025-10-24T15:07:45.292Z"}
{"level":"info","message":"Template loaded: invoice","timestamp":"2025-11-02T12:03:56.196Z"}
{"level":"info","message":"Template loaded: login_alert","timestamp":"2025-11-02T12:03:56.221Z"}
{"level":"info","message":"Template loaded: notification","timestamp":"2025-11-02T12:03:56.238Z"}
{"level":"info","message":"Template loaded: order_confirmation","timestamp":"2025-11-02T12:03:56.289Z"}
{"level":"info","message":"Template loaded: password_reset","timestamp":"2025-11-02T12:03:56.338Z"}
{"level":"info","message":"Template loaded: payout_notification","timestamp":"2025-11-02T12:03:56.366Z"}
{"level":"info","message":"Template loaded: product_stop","timestamp":"2025-11-02T12:03:56.388Z"}
{"level":"info","message":"Template loaded: sale_notification","timestamp":"2025-11-02T12:03:56.395Z"}
{"level":"info","message":"Template loaded: welcome","timestamp":"2025-11-02T12:03:56.399Z"}
{"level":"info","message":"Email sent successfully via SMTP to sweejithgowd@gmail.com","timestamp":"2025-11-02T12:04:23.947Z"}
{"level":"info","message":"Template loaded: invoice","timestamp":"2025-11-02T12:16:34.691Z"}
{"level":"info","message":"Template loaded: login_alert","timestamp":"2025-11-02T12:16:34.706Z"}
{"level":"info","message":"Template loaded: notification","timestamp":"2025-11-02T12:16:34.716Z"}
{"level":"info","message":"Template loaded: order_confirmation","timestamp":"2025-11-02T12:16:34.749Z"}
{"level":"info","message":"Template loaded: password_reset","timestamp":"2025-11-02T12:16:34.756Z"}
{"level":"info","message":"Template loaded: payout_notification","timestamp":"2025-11-02T12:16:34.771Z"}
{"level":"info","message":"Template loaded: product_stop","timestamp":"2025-11-02T12:16:34.787Z"}
{"level":"info","message":"Template loaded: sale_notification","timestamp":"2025-11-02T12:16:34.793Z"}
{"level":"info","message":"Template loaded: welcome","timestamp":"2025-11-02T12:16:34.798Z"}
{"level":"info","message":"Email sent successfully via SMTP to sweejithgowd@gmail.com","timestamp":"2025-11-02T12:16:55.439Z"}
{"level":"info","message":"Template loaded: invoice","timestamp":"2025-11-02T12:22:39.104Z"}
{"level":"info","message":"Template loaded: login_alert","timestamp":"2025-11-02T12:22:39.131Z"}
{"level":"info","message":"Template loaded: notification","timestamp":"2025-11-02T12:22:39.149Z"}
{"level":"info","message":"Template loaded: order_confirmation","timestamp":"2025-11-02T12:22:39.187Z"}
{"level":"info","message":"Template loaded: password_reset","timestamp":"2025-11-02T12:22:39.213Z"}
{"level":"info","message":"Template loaded: payout_notification","timestamp":"2025-11-02T12:22:39.235Z"}
{"level":"info","message":"Template loaded: product_stop","timestamp":"2025-11-02T12:22:39.258Z"}
{"level":"info","message":"Template loaded: sale_notification","timestamp":"2025-11-02T12:22:39.269Z"}
{"level":"info","message":"Template loaded: welcome","timestamp":"2025-11-02T12:22:39.274Z"}
{"level":"info","message":"Template loaded: invoice","timestamp":"2025-11-02T12:23:12.858Z"}
{"level":"info","message":"Template loaded: login_alert","timestamp":"2025-11-02T12:23:12.872Z"}
{"level":"info","message":"Template loaded: notification","timestamp":"2025-11-02T12:23:12.896Z"}
{"level":"info","message":"Template loaded: order_confirmation","timestamp":"2025-11-02T12:23:12.939Z"}
{"level":"info","message":"Template loaded: password_reset","timestamp":"2025-11-02T12:23:12.952Z"}
{"level":"info","message":"Template loaded: payout_notification","timestamp":"2025-11-02T12:23:12.966Z"}
{"level":"info","message":"Template loaded: product_stop","timestamp":"2025-11-02T12:23:12.985Z"}
{"level":"info","message":"Template loaded: sale_notification","timestamp":"2025-11-02T12:23:12.994Z"}
{"level":"info","message":"Template loaded: welcome","timestamp":"2025-11-02T12:23:13.001Z"}
{"level":"info","message":"Email sent successfully via SMTP to sweejithgowd@gmail.com","timestamp":"2025-11-02T12:23:35.624Z"}
{"level":"info","message":"Template loaded: invoice","timestamp":"2025-11-02T12:29:35.197Z"}
{"level":"info","message":"Template loaded: login_alert","timestamp":"2025-11-02T12:29:35.229Z"}
{"level":"info","message":"Template loaded: notification","timestamp":"2025-11-02T12:29:35.247Z"}
{"level":"info","message":"Template loaded: order_confirmation","timestamp":"2025-11-02T12:29:35.279Z"}
{"level":"info","message":"Template loaded: password_reset","timestamp":"2025-11-02T12:29:35.301Z"}
{"level":"info","message":"Template loaded: payout_notification","timestamp":"2025-11-02T12:29:35.318Z"}
{"level":"info","message":"Template loaded: product_stop","timestamp":"2025-11-02T12:29:35.336Z"}
{"level":"info","message":"Template loaded: sale_notification","timestamp":"2025-11-02T12:29:35.343Z"}
{"level":"info","message":"Template loaded: welcome","timestamp":"2025-11-02T12:29:35.348Z"}
{"level":"info","message":"Email sent successfully via SMTP to sweejithgowd@gmail.com","timestamp":"2025-11-02T12:30:02.199Z"}
{"level":"info","message":"Template loaded: invoice","timestamp":"2025-11-02T12:36:13.852Z"}
{"level":"info","message":"Template loaded: login_alert","timestamp":"2025-11-02T12:36:13.922Z"}
{"level":"info","message":"Template loaded: notification","timestamp":"2025-11-02T12:36:13.938Z"}
{"level":"info","message":"Template loaded: order_confirmation","timestamp":"2025-11-02T12:36:13.973Z"}
{"level":"info","message":"Template loaded: password_reset","timestamp":"2025-11-02T12:36:13.986Z"}
{"level":"info","message":"Template loaded: payout_notification","timestamp":"2025-11-02T12:36:14.008Z"}
{"level":"info","message":"Template loaded: product_stop","timestamp":"2025-11-02T12:36:14.031Z"}
{"level":"info","message":"Template loaded: sale_notification","timestamp":"2025-11-02T12:36:14.041Z"}
{"level":"info","message":"Template loaded: welcome","timestamp":"2025-11-02T12:36:14.047Z"}
{"level":"info","message":"Email sent successfully via SMTP to sweejithgowd@gmail.com","timestamp":"2025-11-02T12:36:35.143Z"}
{"level":"info","message":"Template loaded: invoice","timestamp":"2025-11-02T12:40:32.566Z"}
{"level":"info","message":"Template loaded: login_alert","timestamp":"2025-11-02T12:40:32.604Z"}
{"level":"info","message":"Template loaded: notification","timestamp":"2025-11-02T12:40:32.631Z"}
{"level":"info","message":"Template loaded: order_confirmation","timestamp":"2025-11-02T12:40:32.676Z"}
{"level":"info","message":"Template loaded: password_reset","timestamp":"2025-11-02T12:40:32.690Z"}
{"level":"info","message":"Template loaded: payout_notification","timestamp":"2025-11-02T12:40:32.707Z"}
{"level":"info","message":"Template loaded: product_stop","timestamp":"2025-11-02T12:40:32.724Z"}
{"level":"info","message":"Template loaded: sale_notification","timestamp":"2025-11-02T12:40:32.734Z"}
{"level":"info","message":"Template loaded: welcome","timestamp":"2025-11-02T12:40:32.742Z"}
{"level":"info","message":"Email sent successfully via SMTP to sweejithgowd@gmail.com","timestamp":"2025-11-02T12:40:52.812Z"}
{"level":"info","message":"Template loaded: invoice","timestamp":"2025-11-02T12:45:37.522Z"}
{"level":"info","message":"Template loaded: login_alert","timestamp":"2025-11-02T12:45:37.558Z"}
{"level":"info","message":"Template loaded: notification","timestamp":"2025-11-02T12:45:37.600Z"}
{"level":"info","message":"Template loaded: order_confirmation","timestamp":"2025-11-02T12:45:37.649Z"}
{"level":"info","message":"Template loaded: password_reset","timestamp":"2025-11-02T12:45:37.666Z"}
{"level":"info","message":"Template loaded: payout_notification","timestamp":"2025-11-02T12:45:37.693Z"}
{"level":"info","message":"Template loaded: product_stop","timestamp":"2025-11-02T12:45:37.714Z"}
{"level":"info","message":"Template loaded: sale_notification","timestamp":"2025-11-02T12:45:37.723Z"}
{"level":"info","message":"Template loaded: welcome","timestamp":"2025-11-02T12:45:37.732Z"}
{"level":"info","message":"Template loaded: invoice","timestamp":"2025-11-02T13:01:27.858Z"}
{"level":"info","message":"Template loaded: login_alert","timestamp":"2025-11-02T13:01:27.872Z"}
{"level":"info","message":"Template loaded: notification","timestamp":"2025-11-02T13:01:27.880Z"}
{"level":"info","message":"Template loaded: order_confirmation","timestamp":"2025-11-02T13:01:27.914Z"}
{"level":"info","message":"Template loaded: password_reset","timestamp":"2025-11-02T13:01:27.937Z"}
{"level":"info","message":"Template loaded: payout_notification","timestamp":"2025-11-02T13:01:27.953Z"}
{"level":"info","message":"Template loaded: product_stop","timestamp":"2025-11-02T13:01:27.969Z"}
{"level":"info","message":"Template loaded: sale_notification","timestamp":"2025-11-02T13:01:27.974Z"}
{"level":"info","message":"Template loaded: welcome","timestamp":"2025-11-02T13:01:27.985Z"}
{"level":"info","message":"Email sent successfully via SMTP to sweejithgowd@gmail.com","timestamp":"2025-11-02T13:01:54.641Z"}
{"level":"info","message":"Template loaded: invoice","timestamp":"2025-11-02T13:54:19.139Z"}
{"level":"info","message":"Template loaded: login_alert","timestamp":"2025-11-02T13:54:19.202Z"}
{"level":"info","message":"Template loaded: notification","timestamp":"2025-11-02T13:54:19.238Z"}
{"level":"info","message":"Template loaded: order_confirmation","timestamp":"2025-11-02T13:54:19.287Z"}
{"level":"info","message":"Template loaded: password_reset","timestamp":"2025-11-02T13:54:19.298Z"}
{"level":"info","message":"Template loaded: payout_notification","timestamp":"2025-11-02T13:54:19.317Z"}
{"level":"info","message":"Template loaded: product_stop","timestamp":"2025-11-02T13:54:19.349Z"}
{"level":"info","message":"Template loaded: sale_notification","timestamp":"2025-11-02T13:54:19.363Z"}
{"level":"info","message":"Template loaded: welcome","timestamp":"2025-11-02T13:54:19.372Z"}
{"level":"info","message":"Email sent successfully via SMTP to sweejithgowd@gmail.com","timestamp":"2025-11-02T13:54:42.370Z"}
{"level":"info","message":"Template loaded: invoice","timestamp":"2025-11-03T16:40:07.096Z"}
{"level":"info","message":"Template loaded: login_alert","timestamp":"2025-11-03T16:40:07.138Z"}
{"level":"info","message":"Template loaded: notification","timestamp":"2025-11-03T16:40:07.156Z"}
{"level":"info","message":"Template loaded: order_confirmation","timestamp":"2025-11-03T16:40:07.194Z"}
{"level":"info","message":"Template loaded: password_reset","timestamp":"2025-11-03T16:40:07.209Z"}
{"level":"info","message":"Template loaded: payout_notification","timestamp":"2025-11-03T16:40:07.233Z"}
{"level":"info","message":"Template loaded: product_stop","timestamp":"2025-11-03T16:40:07.252Z"}
{"level":"info","message":"Template loaded: sale_notification","timestamp":"2025-11-03T16:40:07.263Z"}
{"level":"info","message":"Template loaded: welcome","timestamp":"2025-11-03T16:40:07.272Z"}
{"code":"EDNS","command":"CONN","errno":-3008,"hostname":"smtp.gmail.com","level":"error","message":"SMTP error: getaddrinfo ENOTFOUND smtp.gmail.com","stack":"Error: getaddrinfo ENOTFOUND smtp.gmail.com\n    at GetAddrInfoReqWrap.onlookupall [as oncomplete] (node:dns:122:26)","syscall":"getaddrinfo","timestamp":"2025-11-03T16:40:55.567Z"}
{"level":"warn","message":"SMTP failed, trying SendGrid fallback:","timestamp":"2025-11-03T16:40:55.567Z"}
{"level":"error","message":"SMTP failed and SendGrid not configured:","timestamp":"2025-11-03T16:40:55.568Z"}
{"code":"EDNS","command":"CONN","errno":-3008,"hostname":"smtp.gmail.com","level":"error","message":"Failed to send email to sweejithgowd@gmail.com: getaddrinfo ENOTFOUND smtp.gmail.com","stack":"Error: getaddrinfo ENOTFOUND smtp.gmail.com\n    at GetAddrInfoReqWrap.onlookupall [as oncomplete] (node:dns:122:26)","syscall":"getaddrinfo","timestamp":"2025-11-03T16:40:55.589Z"}
{"code":"EDNS","command":"CONN","errno":-3008,"hostname":"smtp.gmail.com","level":"error","message":"SMTP error: getaddrinfo ENOTFOUND smtp.gmail.com","stack":"Error: getaddrinfo ENOTFOUND smtp.gmail.com\n    at GetAddrInfoReqWrap.onlookupall [as oncomplete] (node:dns:122:26)","syscall":"getaddrinfo","timestamp":"2025-11-03T16:43:06.183Z"}
{"level":"warn","message":"SMTP failed, trying SendGrid fallback:","timestamp":"2025-11-03T16:43:06.184Z"}
{"level":"error","message":"SMTP failed and SendGrid not configured:","timestamp":"2025-11-03T16:43:06.184Z"}
{"code":"EDNS","command":"CONN","errno":-3008,"hostname":"smtp.gmail.com","level":"error","message":"Failed to send email to pratheekgowda53@gmail.com: getaddrinfo ENOTFOUND smtp.gmail.com","stack":"Error: getaddrinfo ENOTFOUND smtp.gmail.com\n    at GetAddrInfoReqWrap.onlookupall [as oncomplete] (node:dns:122:26)","syscall":"getaddrinfo","timestamp":"2025-11-03T16:43:06.209Z"}
{"code":"EDNS","command":"CONN","errno":-3008,"hostname":"smtp.gmail.com","level":"error","message":"SMTP error: getaddrinfo ENOTFOUND smtp.gmail.com","stack":"Error: getaddrinfo ENOTFOUND smtp.gmail.com\n    at GetAddrInfoReqWrap.onlookupall [as oncomplete] (node:dns:122:26)","syscall":"getaddrinfo","timestamp":"2025-11-03T16:44:48.211Z"}
{"level":"warn","message":"SMTP failed, trying SendGrid fallback:","timestamp":"2025-11-03T16:44:48.212Z"}
{"level":"error","message":"SMTP failed and SendGrid not configured:","timestamp":"2025-11-03T16:44:48.212Z"}
{"code":"EDNS","command":"CONN","errno":-3008,"hostname":"smtp.gmail.com","level":"error","message":"Failed to send email to tarun@gmail.com: getaddrinfo ENOTFOUND smtp.gmail.com","stack":"Error: getaddrinfo ENOTFOUND smtp.gmail.com\n    at GetAddrInfoReqWrap.onlookupall [as oncomplete] (node:dns:122:26)","syscall":"getaddrinfo","timestamp":"2025-11-03T16:44:48.229Z"}
{"level":"info","message":"Template loaded: invoice","timestamp":"2025-11-06T15:34:46.304Z"}
{"level":"info","message":"Template loaded: login_alert","timestamp":"2025-11-06T15:34:46.318Z"}
{"level":"info","message":"Template loaded: notification","timestamp":"2025-11-06T15:34:46.337Z"}
{"level":"info","message":"Template loaded: order_confirmation","timestamp":"2025-11-06T15:34:46.364Z"}
{"level":"info","message":"Template loaded: password_reset","timestamp":"2025-11-06T15:34:46.375Z"}
{"level":"info","message":"Template loaded: payout_notification","timestamp":"2025-11-06T15:34:46.388Z"}
{"level":"info","message":"Template loaded: product_stop","timestamp":"2025-11-06T15:34:46.404Z"}
{"level":"info","message":"Template loaded: sale_notification","timestamp":"2025-11-06T15:34:46.410Z"}
{"level":"info","message":"Template loaded: welcome","timestamp":"2025-11-06T15:34:46.414Z"}
{"address":"142.251.10.108","code":"ESOCKET","command":"CONN","errno":-4039,"level":"error","message":"SMTP error: connect ETIMEDOUT 142.251.10.108:465","port":465,"stack":"Error: connect ETIMEDOUT 142.251.10.108:465\n    at TCPConnectWrap.afterConnect [as oncomplete] (node:net:1637:16)","syscall":"connect","timestamp":"2025-11-06T15:36:24.270Z"}
{"level":"warn","message":"SMTP failed, trying SendGrid fallback:","timestamp":"2025-11-06T15:36:24.270Z"}
{"level":"error","message":"SMTP failed and SendGrid not configured:","timestamp":"2025-11-06T15:36:24.270Z"}
{"address":"142.251.10.108","code":"ESOCKET","command":"CONN","errno":-4039,"level":"error","message":"Failed to send email to sweejithgowd@gmail.com: connect ETIMEDOUT 142.251.10.108:465","port":465,"stack":"Error: connect ETIMEDOUT 142.251.10.108:465\n    at TCPConnectWrap.afterConnect [as oncomplete] (node:net:1637:16)","syscall":"connect","timestamp":"2025-11-06T15:36:24.315Z"}
{"level":"info","message":"Template loaded: invoice","timestamp":"2025-11-25T15:00:35.915Z"}
{"level":"info","message":"Template loaded: login_alert","timestamp":"2025-11-25T15:00:35.957Z"}
{"level":"info","message":"Template loaded: notification","timestamp":"2025-11-25T15:00:35.989Z"}
{"level":"info","message":"Template loaded: order_confirmation","timestamp":"2025-11-25T15:00:36.060Z"}
{"level":"info","message":"Template loaded: password_reset","timestamp":"2025-11-25T15:00:36.079Z"}
{"level":"info","message":"Template loaded: payout_notification","timestamp":"2025-11-25T15:00:36.108Z"}
{"level":"info","message":"Template loaded: product_stop","timestamp":"2025-11-25T15:00:36.134Z"}
{"level":"info","message":"Template loaded: sale_notification","timestamp":"2025-11-25T15:00:36.152Z"}
{"level":"info","message":"Template loaded: welcome","timestamp":"2025-11-25T15:00:36.161Z"}
{"code":"ESOCKET","command":"CONN","errno":-4077,"level":"error","message":"SMTP error: read ECONNRESET","stack":"Error: read ECONNRESET\n    at TLSWrap.onStreamRead (node:internal/stream_base_commons:216:20)","syscall":"read","timestamp":"2025-11-25T15:02:15.232Z"}
{"level":"warn","message":"SMTP failed, trying SendGrid fallback:","timestamp":"2025-11-25T15:02:15.233Z"}
{"level":"error","message":"SMTP failed and SendGrid not configured:","timestamp":"2025-11-25T15:02:15.233Z"}
{"code":"ESOCKET","command":"CONN","errno":-4077,"level":"error","message":"Failed to send email to sweejithgowd@gmail.com: read ECONNRESET","stack":"Error: read ECONNRESET\n    at TLSWrap.onStreamRead (node:internal/stream_base_commons:216:20)","syscall":"read","timestamp":"2025-11-25T15:02:15.275Z"}
{"code":"ESOCKET","command":"CONN","errno":-4077,"level":"error","message":"SMTP error: read ECONNRESET","stack":"Error: read ECONNRESET\n    at TLSWrap.onStreamRead (node:internal/stream_base_commons:216:20)","syscall":"read","timestamp":"2025-11-25T15:02:16.057Z"}
{"level":"warn","message":"SMTP failed, trying SendGrid fallback:","timestamp":"2025-11-25T15:02:16.057Z"}
{"level":"error","message":"SMTP failed and SendGrid not configured:","timestamp":"2025-11-25T15:02:16.057Z"}
{"code":"ESOCKET","command":"CONN","errno":-4077,"level":"error","message":"Failed to send email to sweejithgowd@gmail.com: read ECONNRESET","stack":"Error: read ECONNRESET\n    at TLSWrap.onStreamRead (node:internal/stream_base_commons:216:20)","syscall":"read","timestamp":"2025-11-25T15:02:16.079Z"}
{"level":"info","message":"Template loaded: invoice","timestamp":"2026-02-25T04:56:45.546Z"}
{"level":"info","message":"Template loaded: login_alert","timestamp":"2026-02-25T04:56:45.643Z"}
{"level":"info","message":"Template loaded: notification","timestamp":"2026-02-25T04:56:45.664Z"}
{"level":"info","message":"Template loaded: order_confirmation","timestamp":"2026-02-25T04:56:45.739Z"}
{"level":"info","message":"Template loaded: password_reset","timestamp":"2026-02-25T04:56:45.767Z"}
{"level":"info","message":"Template loaded: payout_notification","timestamp":"2026-02-25T04:56:45.799Z"}
{"level":"info","message":"Template loaded: product_stop","timestamp":"2026-02-25T04:56:45.825Z"}
{"level":"info","message":"Template loaded: sale_notification","timestamp":"2026-02-25T04:56:45.837Z"}
{"level":"info","message":"Template loaded: welcome","timestamp":"2026-02-25T04:56:45.844Z"}
{"level":"info","message":"Email sent successfully via SMTP to pratheekgowda53@gmail.com","timestamp":"2026-02-25T04:58:36.755Z"}
{"level":"info","message":"Email sent successfully via SMTP to tarun@gmail.com","timestamp":"2026-02-25T05:00:44.573Z"}
